node_id,lat,lon
414663051,35.11471809999999,128.9194518
13358635157,35.11501819999999,128.9195251
11025542582,35.1146157,128.9193425
13358635152,35.11487019999999,128.9188693
436463433,35.1177433,128.9073433
12543371783,35.1176361,128.9077393
12543371779,35.1174366,128.9072989
3785403675,35.117853700000005,128.9074512
436463499,35.1115642,128.9322098
6611795641,35.11222909999999,128.9326118
1770253621,35.11172499999999,128.9309844
436803939,35.07962,128.90358
3613393547,35.0819869,128.9035841
5999853602,35.079619799999996,128.9028013
3613393633,35.07961619999999,128.9043397
436803940,35.08892159999999,128.9035719
6031292583,35.08892259999999,128.9040176
4168496508,35.08916940000001,128.9036115
6031292582,35.0885721,128.9035757
436832226,35.08907339999999,128.8970072
5153681555,35.088953800000006,128.8969687
6037967580,35.08996609999999,128.8973493
436841241,35.09248230000001,128.9122984
8171327365,35.0926364,128.9122961
8171327362,35.09228229999999,128.9123016
8242943616,35.0924323,128.91207160000002
6417352215,35.0925512,128.9126338
436862655,35.107510299999994,128.9298967
6254023652,35.10738469999999,128.9295285
3613407379,35.10461279999999,128.9289902
436862663,35.1089184,128.9256047
3613408571,35.1085482,128.925092
5518070007,35.1100386,128.9248926
3613408469,35.1086254,128.9261241
436871425,35.11632999999999,128.9197074
3613545552,35.1163808,128.9198935
8181539017,35.118588499999994,128.919317
738222199,35.11025909999999,128.9314754
738222202,35.1103715,128.9318841
6732092079,35.11024650000001,128.9319619
3785403417,35.110326399999984,128.93419220000004
738222234,35.10909269999999,128.9309187
3613408581,35.11023029999999,128.9316897
738222236,35.1107353,128.9301847
1770253513,35.1102249,128.9312656
1770253551,35.1085039,128.9303756
738222246,35.110368,128.9349439
4168545802,35.1106969,128.9344682
738222255,35.1128289,128.9277345
6743458590,35.1131278,128.9262888
738235629,35.1130683,128.932175
6611795642,35.1129385,128.931576
3613545426,35.1140366,128.9318926
6611795646,35.1129108,128.9322209
820073378,35.08894839999999,128.90821540000002
5153680992,35.08890809999998,128.9086534
1702309388,35.090226799999996,128.914527
820073394,35.08914219999999,128.908684
5153680993,35.0891534,128.9063376
820073462,35.0889417,128.9006891
6031297509,35.088926399999984,128.9030667
5153681000,35.0889279,128.9063805
1702309326,35.0889651,128.9123313
1702309343,35.089117999999985,128.9123253
5518124992,35.0887679,128.9123097
5518163330,35.0944876,128.9260989
8242943612,35.08912459999999,128.91209410000002
4839696750,35.0909336,128.9123087
1702309364,35.08936510000001,128.9152048
6139009764,35.0898279,128.914036
6138017760,35.09155330000001,128.9184858
1702309397,35.0913858,128.9068705
5518074487,35.09182119999999,128.9069362
5518074484,35.09142190000001,128.9072942
4168496512,35.09167850000001,128.9039947
5518074481,35.091464699999996,128.9093082
12512219079,35.1082213,128.9302202
1770253557,35.11184509999998,128.9295016
1770253690,35.1118895,128.9309495
1770253563,35.1120607,128.9311132
1770253612,35.1119883,128.9314806
1770253569,35.1121347,128.9307387
1770253638,35.112265199999996,128.930449
1770253582,35.1120321,128.9317971
1770253663,35.111711899999996,128.9320953
1770253670,35.112249399999996,128.9324409
1770253586,35.11206120000001,128.9313571
6611795645,35.1127127,128.9312234
1770253587,35.1118598,128.9307251
1770253588,35.1128538,128.9311853
6611795651,35.113742599999995,128.9306358
1770253622,35.1118304,128.933477
3613545645,35.112506599999996,128.9293906
1770253649,35.11281300000001,128.9272811
1770253661,35.110965799999995,128.9322209
1770253696,35.11095339999999,128.93166850000003
436820264,35.112374599999995,128.9327064
6611795640,35.11210350000001,128.9323471
2870346592,35.10736250000001,128.9292596
6254027627,35.1073238,128.9291834
6743242293,35.1077686,128.9279955
3613393520,35.0861345,128.9112241
3613393593,35.086137,128.9104841
6123796260,35.08577699999999,128.9111441
3613393591,35.08651170000001,128.9113112
3613393522,35.08838769999999,128.9035777
6043167248,35.0883737,128.9007976
5518124813,35.0872776,128.9035899
3613393526,35.0819717,128.9115422
6031040259,35.081967999999996,128.9096724
3613393610,35.0843298,128.91154040000004
3613393527,35.07960109999999,128.9077302
6085871631,35.079911199999984,128.9077276
4668274451,35.0790641,128.9077372
6031040258,35.079605199999996,128.9065686
3613393529,35.084331,128.9027638
6121927145,35.08313359999998,128.9027788
3613393549,35.0843311,128.9031797
6776787418,35.084331,128.9016972
3613393530,35.08088049999999,128.9103587
3613393546,35.0808829,128.9077196
3613393531,35.0866526,128.9030636
6058370737,35.0866531,128.9028007
5518124818,35.086612499999994,128.9034825
3613393534,35.0865102,128.9093605
3613393536,35.086511300000005,128.9100183
3613393638,35.086143199999995,128.9093588
6743619544,35.08675969999999,128.9093633
3613393535,35.086670299999994,128.8961587
6757237467,35.086516999999986,128.896104
6038631629,35.0866665,128.8973191
3613393548,35.08835340000001,128.8967592
3613393617,35.086141,128.9100176
3613393589,35.086511699999996,128.9102497
3613393538,35.08432919999999,128.9093556
3613393597,35.08468109999999,128.909359
3613393585,35.0843299,128.9102207
3613393600,35.08432779999999,128.907691
3613393545,35.084331000000006,128.8960409
6038256140,35.08432810000001,128.8972318
6757237470,35.08409720000001,128.8960419
6030948752,35.08042509999999,128.9077234
6031040256,35.0810195,128.9077184
6119326593,35.0831313,128.90358610000004
3613393567,35.0819822,128.904356
3613393570,35.0819849,128.9027931
6043151795,35.0883562,128.8973071
6757237463,35.0888308,128.8969258
5518124958,35.08426879999999,128.9034688
3613393555,35.08738869999999,128.9115137
3613393634,35.087022399999995,128.9114291
6137787298,35.08758039999999,128.9115579
3613393620,35.0870182,128.9106579
3613393556,35.0883679,128.8994628
6776787408,35.0867572,128.8994801
6043151798,35.0883645,128.898967
6236402602,35.08862049999999,128.8994581
6089301573,35.0815311,128.9043529
6119326594,35.0829156,128.9043624
6119348753,35.0819718,128.9061217
3613393602,35.081977300000005,128.8994686
3613393571,35.0857794,128.9104914
6100902285,35.085780799999995,128.9102559
3613393572,35.0870137,128.9093831
3613393650,35.0870152,128.9099784
6031077128,35.087090700000005,128.9094532
3613393573,35.08675490000001,128.9118207
6743619543,35.086756199999996,128.91136760000003
6157968608,35.0879579,128.9121144
3613393574,35.08835779999999,128.9117374
6124987499,35.0879408,128.9116411
6031183226,35.08835739999999,128.9116796
4168496457,35.0883539,128.9122076
3613393575,35.08196199999998,128.9077106
3613393580,35.08578059999999,128.909358
3613393607,35.085415299999994,128.9093572
3613393609,35.0857805,128.9100168
3613393581,35.0843254,128.9043721
6119326586,35.083881500000004,128.9043691
5976402182,35.0843274,128.9070562
5518124953,35.08432510000001,128.9040075
3613393603,35.0834649,128.9102158
6137787294,35.08433019999998,128.9107064
6125021046,35.0865117,128.9102605
3613393590,35.081969300000004,128.8960506
6036478246,35.081971599999996,128.8970406
6757237473,35.0821357,128.8960499
6757237476,35.08095910000001,128.896058
6195428523,35.0865121,128.9105162
3613393640,35.0865121,128.9104763
3613393630,35.084681499999995,128.9100003
3613393618,35.085060699999985,128.90936
3613393599,35.0866514,128.8993511
5969121456,35.0866626,128.8985132
6038143754,35.08653770000001,128.8994602
5976402179,35.08509089999999,128.9076847
6387361622,35.0796191,128.8994755
6002700086,35.08197640000001,128.8984634
6387361620,35.084217100000004,128.8994676
6100944861,35.0854166,128.9099938
6126377351,35.08433039999999,128.9110957
6100944867,35.08506009999999,128.909997
6124987504,35.08702159999999,128.910308
3613393622,35.0846805,128.9110892
6100944865,35.0846818,128.9104493
6100944868,35.085055200000006,128.9110837
6100944864,35.084681599999996,128.9102213
6095737338,35.0800799,128.9043429
6119348751,35.0796104,128.9055152
3613393648,35.0850511,128.910444
6100944863,35.08541760000001,128.910439
6124987500,35.08768309999999,128.9108691
6124987505,35.08702089999999,128.9102667
3613407365,35.1054767,128.9291017
7259825217,35.1068448,128.9288984
3613407366,35.09650700000001,128.9118906
6417352245,35.0962818,128.9119179
5518074538,35.09821099999999,128.9116492
8178034189,35.0963468,128.9133225
6218945724,35.0966457,128.9104783
3613407378,35.1075086,128.931503
3613407392,35.107588299999996,128.9311758
3613407387,35.1074485,128.9317495
3613408227,35.10834959999999,128.9318169
3613408214,35.106760200000004,128.9312238
5019310108,35.104409799999985,128.9289324
6254027602,35.10519510000001,128.9286042
3613408591,35.108288,128.9320485
3613408232,35.1066779,128.9315036
3613407388,35.1068504,128.9309022
3613408240,35.10715229999999,128.9306384
3613408593,35.107672799999996,128.930825
3613408261,35.1084349,128.9314898
3613408194,35.0989132,128.9115647
11066624348,35.09917500000001,128.9090807
5518074543,35.09879899999999,128.9127233
3613408198,35.1069995,128.930055
6743161775,35.1071953,128.9304793
6254023660,35.1069392,128.929324
3613408204,35.10911799999999,128.9323295
3613408212,35.1091723,128.9321246
3613408634,35.1100039,128.9325297
3613408630,35.10926289999999,128.9317996
3613408218,35.1052882,128.9310151
6447149744,35.1062294,128.9313054
3613408220,35.1072437,128.9268546
3613408426,35.10745070000001,128.9268355
3613408242,35.1071846,128.92666380000003
6342432694,35.1071211,128.9274425
3613408229,35.1074471,128.9275494
3613408410,35.1079679,128.92753820000001
3613408279,35.1072964,128.9279825
6342432691,35.1074466,128.9273574
3613408238,35.10590080000001,128.9245648
6342432179,35.1059979,128.9250065
7259825244,35.10533729999999,128.92447
6128476055,35.105842,128.92422530000002
3613408478,35.1072328,128.9305606
3613408631,35.107414,128.92651350000003
6341026104,35.1069363,128.926741
3613408247,35.107822599999984,128.9302218
12512219064,35.1081336,128.9303996
7259816783,35.1077946,128.9303351
3613408249,35.1077859,128.9267126
3613408250,35.10776619999999,128.9263497
6331626690,35.10810949999999,128.9273242
6341026097,35.10796690000001,128.9262974
6329527925,35.10851449999999,128.9311572
3613408559,35.107281799999996,128.9281301
3613408424,35.10863640000001,128.930687
6318026875,35.108601400000005,128.93084
3613408459,35.106821700000005,128.9264643
3613408613,35.1061957,128.9259061
6339548911,35.1068746,128.9260137
3613408461,35.1069881,128.9286043
3613408509,35.1068352,128.9281481
6743176637,35.107429399999994,128.9303824
3613408494,35.1055757,128.9262314
3613408626,35.10605520000001,128.9258956
3613408506,35.107674,128.9301407
7259816781,35.107589999999995,128.930226
6331626676,35.10693469999999,128.9270598
3613408530,35.11159849999999,128.924656
8176535070,35.110092999999985,128.9252545
8938123614,35.111603099999996,128.92467620000002
3613545453,35.111522599999994,128.9243231
6341026095,35.1084311,128.9248255
6341026094,35.10839300000001,128.9247321
3613408580,35.1101183,128.9321054
6732092078,35.110138899999995,128.9320288
7259816779,35.1102105,128.931763
6743176636,35.1077506,128.9305135
5518074427,35.1056902,128.9254145
6329527924,35.10935740000001,128.9314682
3613408636,35.10117009999999,128.917993
8171316210,35.10114,128.9182667
8170880467,35.1013416,128.9180188
8171316209,35.1009737,128.9179635
3613543680,35.113438499999994,128.9247818
6743527110,35.113639299999996,128.9238064
3613545488,35.113914699999995,128.9248985
3613543689,35.11442809999999,128.9254832
3613545566,35.1139794,128.9247501
3613543691,35.11471999999999,128.9200604
3613545570,35.1149091,128.9201362
3613545395,35.11325649999999,128.9270121
3613545521,35.11383119999999,128.9270973
3613545397,35.1149214,128.919616
3613545572,35.11498100000001,128.9198559
3613545406,35.1141479,128.9262744
3613545649,35.11404189999999,128.9267277
3613545606,35.1141586,128.9258781
3613545407,35.1133218,128.925349
3613545640,35.113980500000004,128.9252579
3613545409,35.1134344,128.9293381
3613545421,35.11540170000001,128.9289064
3613545411,35.1146803,128.9231934
3613545457,35.1143948,128.9229356
3613545610,35.1149234,128.9227818
3613545548,35.11412390000002,128.92414900000003
3613545415,35.1159654,128.9156979
3613545599,35.1167582,128.91278050000003
13358635187,35.115159799999994,128.9188835
3785403662,35.115836800000004,128.9156422
3613545440,35.115974,128.9311886
3613545596,35.115365,128.9285329
3613545642,35.1164235,128.9292249
3613545424,35.11252579999999,128.9252021
3613545643,35.1122692,128.9248523
3613545523,35.11248739999999,128.9253759
7259816729,35.11306770000001,128.9241408
3613545539,35.1138916,128.9312635
3613545433,35.1146369,128.9217142
3613545503,35.114499,128.9216217
3613545556,35.11523899999999,128.9222491
3613545593,35.114842800000005,128.9213612
3613545434,35.1127995,128.92381460000001
5518070004,35.11319340000001,128.9236581
3613545635,35.1122123,128.9240485
3613545591,35.1128166,128.923882
3613545628,35.1167924,128.9308118
3613545451,35.1148231,128.9204448
3613545475,35.115204799999994,128.9207679
3613545452,35.115805,128.9212887
3613545612,35.11601159999999,128.9209388
3613545618,35.1155354,128.9217453
8176535054,35.111768,128.9222524
3613545456,35.11921099999999,128.929646
3613545619,35.118566,128.929882
3613545589,35.1184057,128.9291766
3613545481,35.1195336,128.929308
3613545581,35.1143468,128.9222592
3613545532,35.11384739999998,128.923897
3613545460,35.113274000000004,128.9276826
3613545620,35.1149738,128.927656
3613545528,35.11281999999999,128.9278286
3613545464,35.117699599999995,128.9303366
3613545564,35.1174854,128.9292544
3613545465,35.115418999999996,128.9204093
3613545609,35.11622479999998,128.9205777
3613545473,35.1143579,128.9263308
3613545502,35.114910800000004,128.9212346
3613545476,35.1137787,128.9259231
3613545584,35.1174261,128.9288695
3613545624,35.12568289999999,128.9238953
3613545499,35.1163495,128.92032410000002
8181537189,35.1180987,128.9218643
3613545538,35.11419060000001,128.9214966
3613545509,35.1148143,128.9310139
3613545565,35.11402240000001,128.9268465
8176535059,35.111823199999996,128.9256482
6743391166,35.11318909999999,128.9253656
3613545545,35.1140595,128.9240898
13358635153,35.1146223,128.9198221
8181537188,35.115912599999994,128.9256075
8181537195,35.1170346,128.9236737
3613545560,35.11239799999999,128.9323701
6611795644,35.1127561,128.9322659
6611795652,35.1121083,128.93181240000004
6743391167,35.1134041,128.9239408
3613545625,35.11230079999999,128.924341
3613545646,35.1162159,128.9258701
8181537172,35.1194686,128.9272834
6743527088,35.1158708,128.9150195
11025542551,35.1178862,128.9073315
12543371764,35.11804269999999,128.9074749
4167603254,35.119704,128.9024358
5518124504,35.1191102,128.9033983
4167604180,35.12017339999999,128.9007949
6743391184,35.1197492,128.9006258
4167604182,35.1202033,128.9021027
4167604181,35.120851,128.8998692
4168496422,35.09803889999999,128.9200513
4654971516,35.097462,128.9199567
8171327281,35.0980618,128.9198499
8176535634,35.0982459,128.9200826
8171327284,35.09801720000001,128.9202621
4168496423,35.10048829999999,128.9204256
8171327039,35.100217499999985,128.9203841
5518074561,35.1007935,128.920519
4168496424,35.11035929999999,128.9219292
8170880377,35.11021219999999,128.9219069
8170880379,35.1104162,128.9213877
7259825208,35.11021399999999,128.9232893
4168496429,35.0958973,128.9172335
5518074450,35.0941186,128.9169794
10988910787,35.0957982,128.9182047
4654971515,35.0976984,128.9174792
8178034079,35.0959913,128.9162491
6218961029,35.0957908,128.9170181
6218967261,35.0959922,128.9174049
4168496430,35.093408800000006,128.916896
8178033892,35.093613299999994,128.91692
8178033887,35.093374499999996,128.916641
8178033895,35.0934638,128.9171387
8178033899,35.0932337,128.9169487
8178033890,35.09353459999999,128.9170017
8178033889,35.0932688,128.9167629
8178033897,35.093315,128.9170787
8171327332,35.093524699999996,128.9166999
4168496431,35.092555399999995,128.9171749
11527436397,35.092838199999996,128.9170806
6161181896,35.0924628,128.9172666
6961286570,35.0924972,128.917112
4168496434,35.0956543,128.9197011
8181447095,35.09680649999999,128.919864
8181482394,35.095702499999994,128.9191888
8171327306,35.0956175,128.9200652
8181482376,35.0950347,128.9196083
4168496438,35.10769969999999,128.9214417
6614587732,35.1077526,128.921398
8170880433,35.107690600000005,128.9215241
8176535280,35.1073042,128.9213672
6031183230,35.088565599999995,128.9122588
4168496507,35.0918853,128.909373
8242943579,35.09184599999999,128.9091883
8242943582,35.09192040000001,128.9095503
8242943585,35.09202669999999,128.9093948
8242943588,35.09167709999999,128.9093409
13283325788,35.089166299999995,128.9031742
6089891687,35.090064899999994,128.9037586
5518074535,35.09408909999999,128.9043054
6961293530,35.090324200000005,128.903796
6089891690,35.0917492,128.903037
4168496514,35.097737499999994,128.9229843
8178023412,35.097710000000006,128.9232508
8176535630,35.09776469999999,128.9227189
4638934525,35.09714540000001,128.9228894
8176535632,35.098015,128.9230287
6403505673,35.11091600000001,128.9343126
4168568654,35.101359,128.917825
8170880461,35.1009898,128.9177665
8168410660,35.104636000000006,128.9183263
6168042925,35.09614359999999,128.9227289
6168042933,35.0971008,128.9233495
4638934532,35.0950492,128.9230549
8178033858,35.0950855,128.9226761
6166288456,35.095520599999986,128.92313
6166312049,35.0950826,128.9241665
4638934551,35.095343199999995,128.92391990000002
4638934539,35.09698770000001,128.9245079
6168042923,35.0959753,128.9243536
6168042930,35.097025099999996,128.9241247
6166288467,35.09593129999999,128.9247563
4638934543,35.09559309999999,128.9236828
6168042922,35.0960148,128.9239766
4654971509,35.09887109999999,128.9176474
8171327270,35.09884209999999,128.9179326
8176535638,35.0985243,128.9175952
4654971511,35.0986177,128.9201387
8171327275,35.098634099999984,128.9199772
4654971512,35.09837250000001,128.923086
8171327277,35.0987282,128.9201556
5518163529,35.098987199999996,128.923176
11066789529,35.0981684,128.9251842
6089890980,35.09832139999999,128.9175647
4663013709,35.104854499999995,128.9185469
8168410663,35.104827500000006,128.9188171
8170880447,35.10510259999999,128.9185838
8168410661,35.1046189,128.9185115
4663013710,35.1046039,128.9210516
8168381044,35.10462929999999,128.9207976
8168381033,35.10481699999999,128.921086
8168381041,35.1045801,128.9212819
8168381058,35.10440820000001,128.9210217
8168381111,35.1044312,128.9211654
8168381043,35.1047775,128.9209355
6038430032,35.10474399999999,128.9212091
6614587743,35.104471999999994,128.9208735
4663013711,35.1043037,128.9239543
8168410525,35.10427429999999,128.9242388
8168410521,35.104333499999996,128.9236661
8168410522,35.1044966,128.9239864
8168410527,35.104095900000004,128.9239239
4663013713,35.102848800000004,128.9207846
8168410517,35.1028362,128.9209116
8168381112,35.1029705,128.9208025
8168381113,35.1027525,128.9207699
4663013717,35.1025482,128.9236973
8168410532,35.102568500000004,128.9235048
5518163506,35.1023973,128.9249812
8168410560,35.102386200000005,128.9236736
8168410530,35.10271830000001,128.9237222
6605075040,35.1024348,128.9238349
6038430027,35.1026906,128.9235485
8168410558,35.10264130000001,128.9238376
8168410537,35.1024602,128.9235177
4663013722,35.10502749999999,128.9211199
7259825229,35.1049936,128.9214422
8168410583,35.1059392,128.921262
4663013724,35.1044318,128.92683420000003
5518074435,35.1044703,128.9264191
8176535075,35.10534109999998,128.9270863
8242943230,35.1043641,128.9273898
4668274431,35.0873613,128.9129207
6373847472,35.086622399999996,128.9123437
4668274438,35.08886929999999,128.8963014
6157901588,35.08871490000001,128.8962452
6755881906,35.0888693,128.8963327
6757237457,35.0888693,128.8962621
4668274444,35.08196360000001,128.9122031
6157891528,35.081963599999995,128.9120555
4668274446,35.079525700000005,128.9118165
7208133613,35.084354999999995,128.9122021
6629461411,35.080001300000006,128.91122610000002
4668274452,35.07905780000001,128.9035834
4668274454,35.0790522,128.8994574
6157891454,35.07918169999999,128.9035833
6755881897,35.079052,128.8954297
6355660463,35.07924560000001,128.8994548
4668274456,35.0819446,128.8954043
4668274458,35.08431220000001,128.8953989
6755881903,35.081944899999996,128.8954248
6755881902,35.084311899999996,128.8954224
4668274460,35.0867682,128.8955368
4668274462,35.0875743,128.8958342
6755881900,35.0867624,128.8955623
6755881899,35.087568899999994,128.8958559
4839696743,35.090338,128.9144552
5518074468,35.09185029999999,128.9123086
5006352162,35.0891031,128.9006724
5153681002,35.0890986,128.8994608
5019310107,35.10389559999999,128.9279
5518074437,35.1040239,128.9266597
8176535134,35.103809799999986,128.9285587
8176535141,35.1035724,128.9284408
8176535144,35.10403110000001,128.9285329
8176535130,35.1039863,128.9288037
5153680952,35.10378610000001,128.9287403
5153680987,35.10376089999999,128.9288867
8176535137,35.103618100000006,128.9286901
11066789538,35.10377929999999,128.9290371
8176535131,35.10395539999999,128.9289524
6031293095,35.0888342,128.9086494
8242943613,35.08896970000001,128.9120735
6093996911,35.0891699,128.9046481
6031172421,35.0889281,128.9064449
6387361627,35.08894569999999,128.8994615
10241317898,35.0895177,128.8994625
6236402594,35.088947399999995,128.8989236
5470273508,35.110939,128.9343574
5470344375,35.1112887,128.9341762
5470320522,35.1116639,128.9339977
5470358908,35.1116529,128.9341231
5470359089,35.1126007,128.9339761
5470344361,35.11026629999999,128.93369630000004
5470344374,35.1112852,128.9342408
5470358907,35.1112576,128.9345255
5470359088,35.11172909999999,128.934927
5474865077,35.1109163,128.9349742
5470359025,35.1125515,128.9342752
5470359077,35.1119482,128.9346564
5470359050,35.11254379999999,128.9348545
5470359072,35.11236950000001,128.9351844
6743391168,35.11356849999999,128.9235043
6743391171,35.1134886,128.9238962
8178034026,35.1100474,128.9248097
5518070008,35.11062330000001,128.9194262
8170880367,35.110408,128.9193902
8170880369,35.11060239999999,128.9196243
8170880325,35.11089439999999,128.9194678
5518070010,35.1120743,128.9194542
13358635163,35.114170200000004,128.9192706
5518074598,35.111723999999995,128.9194715
5518074426,35.105261299999995,128.9251525
8176535090,35.1049632,128.92511
7259825238,35.105432500000006,128.9258399
7259825240,35.10450249999999,128.9261173
5518074436,35.1042144,128.9263777
7259825247,35.1055106,128.9263649
5518074440,35.104088299999994,128.9260367
8242943229,35.1041135,128.9272117
8168410524,35.1044257,128.92426150000003
5518074445,35.0936025,128.9177506
11527436392,35.0937958,128.918691
5518074451,35.094641800000005,128.9156463
8171327359,35.0932665,128.9154556
5518074453,35.0931312,128.9154567
5518074463,35.0923137,128.9115339
5518074473,35.091995699999984,128.9099305
5518074465,35.0921815,128.9120429
8242943619,35.09214630000001,128.912016
8242943618,35.0922567,128.91209
5518074472,35.09377380000001,128.9079122
8242943534,35.093687299999985,128.9087981
5518074502,35.0938998,128.9073451
8242943658,35.0920536,128.9095678
5518074477,35.09176779999999,128.90882140000002
5518074479,35.0916203,128.9091588
8242943656,35.091583899999996,128.9091286
8242943661,35.091686599999996,128.9091833
5518074482,35.09253950000001,128.9094817
5518074483,35.09275470000001,128.9070811
6236540356,35.09224249999999,128.909428
11527393564,35.0930824,128.9095645
5518074488,35.0928096,128.9070896
11066782917,35.09328829999999,128.9072145
5518074489,35.09458459999999,128.9073234
11066624339,35.0966264,128.9076095
5518074508,35.09393260000001,128.9071388
5518074490,35.09391339999999,128.9071157
5518074493,35.09379569999999,128.9070907
6961293543,35.09390330000001,128.9065195
5518074494,35.0937568,128.9071197
5518074497,35.0937372,128.9072981
11066782916,35.093296300000006,128.9071054
5518074499,35.09379770000001,128.9073582
5518074504,35.093930699999994,128.9073118
6961293544,35.09724709999999,128.9046824
7259825262,35.0941874,128.9032638
5518074537,35.09196820000001,128.8992566
6089891699,35.0919753,128.8995778
6328809608,35.092322,128.8990523
6038112512,35.09057690000001,128.8975829
6328809614,35.0901314,128.9008519
13358674616,35.098619799999994,128.9145402
5518074544,35.1008087,128.9216638
8168410547,35.10066559999999,128.9231868
5518074558,35.1009701,128.9206114
5518074545,35.10148979999999,128.9205767
8170880477,35.10191760000001,128.9206421
5518074564,35.101019,128.9204556
5518074546,35.101024,128.9193214
5518074551,35.1008312,128.9203857
5518074547,35.1009797,128.9203822
5518074552,35.100806,128.9204238
5518074554,35.100833800000004,128.920602
5518074559,35.1009971,128.9205817
5518074593,35.1078124,128.9215426
8170880425,35.10795050000001,128.9215633
8170880435,35.10782619999999,128.921411
5518074600,35.111875999999995,128.9197808
5518074605,35.1118401,128.9201387
8170880327,35.11194350000001,128.9197911
8170880326,35.1118045,128.9197694
5518074603,35.111715,128.9214072
5518074611,35.1112419,128.9213485
7259816771,35.11178910000002,128.9206846
8170849511,35.11220809999999,128.9214275
5518074604,35.1104319,128.9212197
8170880386,35.1105605,128.9212418
7259816778,35.11280880000001,128.9202878
5518074610,35.111382,128.9200633
5518074609,35.1108348,128.9212831
5518074612,35.1109979,128.9213086
8170849506,35.1109099,128.9205496
8170849507,35.1113224,128.9206098
5518074613,35.11080580000001,128.9232705
6743516332,35.1190207,128.9032121
6743516331,35.1192453,128.9036797
5518124810,35.09448499999999,128.899871
6089891700,35.0944219,128.900553
11066749508,35.0932945,128.8997267
7259825257,35.09540539999999,128.8999869
5518124811,35.083744900000006,128.9035872
5518124959,35.08420189999999,128.9036677
5518124814,35.086747899999985,128.9035321
5518124815,35.0867216,128.9034984
5518124820,35.0865574,128.903545
5982311624,35.0865543,128.9036612
5518124954,35.08440960000001,128.9035192
5518124923,35.0865952,128.90372030000003
5518124927,35.086729000000005,128.9037084
13075277367,35.0866361,128.903882
5982443087,35.08675169999999,128.9036744
5518124964,35.0843733,128.9037344
5518124955,35.0843815,128.9034857
5518124966,35.08420919999999,128.9035293
5518124961,35.0842567,128.9037382
5518124969,35.0844042,128.9037028
8280875798,35.0857465,128.9036538
8176535139,35.103559100000005,128.9289721
5518163325,35.1004441,128.9277418
6094073418,35.0979188,128.9269227
5518163329,35.0945135,128.9259417
6180871493,35.0938639,128.9255768
13282219137,35.0966572,128.9268247
5518163334,35.10043459999999,128.9279037
8176535138,35.1035889,128.9288359
5518163470,35.1038995,128.9238951
8176535196,35.1038813,128.9240656
5518163494,35.10224939999999,128.9264174
8242943282,35.102550799999996,128.9265062
5518163512,35.1009889,128.9260459
5518163496,35.1023079,128.92585
5518163495,35.1036695,128.9260442
5518163509,35.1037146,128.92562300000003
5518163498,35.10326999999999,128.9259872
5518163497,35.1031852,128.9266932
5518163503,35.102585999999995,128.9258897
5518163500,35.102779500000004,128.9265736
5518163499,35.10285079999999,128.9259274
5518163501,35.1038508,128.9243503
5518163507,35.10380519999999,128.9247762
5518163508,35.1027149,128.924618
5518163510,35.1026288,128.9254668
5518163504,35.103760699999995,128.925192
5518163505,35.10267299999999,128.9250318
5518163511,35.101235599999995,128.9235051
8171327226,35.1012207,128.9236583
8168410554,35.10080189999999,128.9234416
6959186733,35.10041879999999,128.9258779
5518163519,35.101089699999996,128.9250165
8176535602,35.10109539999999,128.9249485
8242943387,35.10064029999999,128.9249464
5518163528,35.0992072,128.9233889
8242943388,35.1003519,128.9249243
5518163533,35.099342699999994,128.923228
8171327036,35.100452600000004,128.9233905
5969121455,35.084331,128.90116130000004
6058370881,35.08476999999999,128.9016914
6387361618,35.084323399999995,128.8995738
6769348748,35.08666420000001,128.8980365
6776787420,35.0862335,128.8984171
5969245730,35.0875368,128.9110165
6100902183,35.087599299999994,128.9115623
5976030835,35.0799668,128.896559
5999853603,35.07984449999999,128.896463
6032263301,35.0796189,128.8980787
5976327380,35.08610219999999,128.9066037
5978144193,35.0864686,128.9065996
5978144195,35.0859442,128.9066028
5976402137,35.086102600000004,128.9063527
6629461485,35.0866007,128.9071961
5978143574,35.08646989999999,128.9063533
5978143575,35.085862500000005,128.9063536
5976402143,35.08610199999999,128.9061065
5978143576,35.086468999999994,128.9061074
5978143578,35.08578560000001,128.9061057
5976402149,35.08610289999999,128.9058695
5978143579,35.08646619999999,128.9058717
5978143581,35.085734,128.9058719
5976402155,35.0861026,128.9056191
5978143582,35.0864679,128.9056192
5978143583,35.08573259999999,128.9056209
5976402167,35.0861024,128.9053851
5976402161,35.0861019,128.9051366
5978144187,35.0864683,128.9051347
5978144189,35.08573589999999,128.9051368
6036478191,35.0861026,128.9050158
5978143584,35.08646719999999,128.9053845
5978144186,35.08573429999999,128.905386
6629461488,35.086398599999995,128.9076849
6036478185,35.0850912,128.9075868
6036478186,35.08445559999999,128.9070558
5982311623,35.085747600000005,128.9037034
5982443100,35.0857472,128.9041002
5982443096,35.0866008,128.9038829
8280875803,35.08661059999999,128.904907
5982443097,35.0867326,128.9038795
13075277368,35.08667820000001,128.9038809
6031293094,35.08882,128.9064461
6031292553,35.08657989999998,128.907409
5993116788,35.083972,128.8964988
5993116789,35.0838882,128.8965008
6757313849,35.0838881,128.8964681
6762931968,35.08378669999999,128.8966817
5993116790,35.0838875,128.8963329
5993116792,35.0836224,128.8969012
6355666494,35.0836122,128.897236
6757313850,35.08363219999999,128.8964698
5993116794,35.0836348,128.8963393
5993116799,35.0832058,128.897105
6762931970,35.08320629999999,128.896667
5999782647,35.08320459999999,128.8975219
5993507475,35.083073000000006,128.8971018
5993116800,35.08277449999999,128.8963234
5993116802,35.082499,128.8969499
5993116804,35.0824993,128.8970436
5993116803,35.08249680000001,128.896391
5999782602,35.0824421,128.8971273
6759130966,35.08307640000001,128.8965807
6763225870,35.0825666,128.8975777
5993507478,35.0836271,128.898265
6762931964,35.0835204,128.8981381
5994332487,35.083612099999996,128.8983693
5999582970,35.083765299999996,128.8979043
5994332486,35.083715,128.8974144
6762931940,35.0839102,128.8971965
5999582968,35.08376440000001,128.8975958
6762931953,35.08363279999999,128.897265
6762932082,35.083629099999996,128.8983692
5999782649,35.0827825,128.8983361
5999582964,35.083984699999995,128.8971137
5999582965,35.084001,128.8977409
5999582966,35.0839268,128.8977492
5999582967,35.0838446,128.8975922
5999582969,35.0838054,128.8979174
6762931966,35.08387519999999,128.8975501
5999582980,35.083860699999995,128.8979926
5999582971,35.08392059999999,128.8984782
5999782587,35.083407,128.8965793
6355666505,35.083206999999994,128.89658010000002
6002700113,35.082043,128.8971261
5999782607,35.0819718,128.8971262
5999784532,35.0819719,128.8971825
8779423497,35.0820244,128.8971259
5999782632,35.082975,128.8975537
6761154176,35.0831934,128.8982526
5999782648,35.0819733,128.8977457
8779423499,35.0820221,128.8977471
6032263300,35.081975099999994,128.8980778
5999782651,35.0824555,128.8988963
6355665884,35.082586,128.8980322
5999782654,35.08233889999999,128.8990346
6002699571,35.08245749999999,128.8983751
5999782661,35.082997199999994,128.896581
6355666509,35.083017700000006,128.8965809
5999784531,35.0841243,128.89846000000003
6762931950,35.08423129999999,128.8984591
8779423500,35.082023699999986,128.8971823
5999784533,35.082270900000005,128.8971806
6015731971,35.08201849999998,128.8983694
6002699572,35.0819763,128.8983701
6002700085,35.08226749999999,128.8984623
6002700087,35.0821819,128.8984626
6002700088,35.08218189999999,128.8986984
6015731976,35.0820282,128.8963178
6019248192,35.08311419999999,128.8993476
6757237474,35.08213419999999,128.8961851
6019248187,35.08439959999999,128.8971427
6762931943,35.0842338,128.8971448
6761154177,35.08312449999999,128.897919
6030948749,35.080599099999986,128.9073763
6030948753,35.0805532,128.9073891
6085781416,35.0802909,128.9077245
6030948757,35.080245,128.9076064
6085871632,35.0799111,128.907613
6030948762,35.0801235,128.9074976
6030948760,35.079777500000006,128.9074698
6032293527,35.0809891,128.9065741
6031040260,35.0809767,128.9096756
6031076752,35.0884151,128.9041868
6031076757,35.08863889999999,128.9045086
6031076758,35.088733299999994,128.9045194
6031077115,35.0883957,128.9051197
6031076769,35.088696,128.9055171
6373832853,35.0872627,128.90408840000003
6031076771,35.08839420000002,128.9055105
6031172422,35.0886286,128.9064483
6031077099,35.088228699999995,128.9086444
6031077101,35.08865490000001,128.9086476
6031183208,35.08791780000001,128.9086452
6031172464,35.0878433,128.9091328
6031077107,35.08783319999999,128.9081444
6031077155,35.08859309999999,128.9100638
6031077102,35.0874431,128.9086446
6031077123,35.0870313,128.9086538
6031077108,35.08783319999999,128.9079043
6031077116,35.087139199999996,128.9060142
6031077117,35.08713259999999,128.9068873
6629461483,35.086665,128.906887
6031172455,35.08738219999999,128.9068913
6031077118,35.08686269999999,128.9075927
6031077121,35.086876099999984,128.9077182
6031077120,35.087078399999996,128.9079228
6031292537,35.086772,128.9086876
6031077127,35.0872363,128.9093678
6031077130,35.0878394,128.9093629
6031183210,35.08739769999999,128.909584
6031292534,35.08713219999999,128.9094111
6124987503,35.0879358,128.9106167
6031077136,35.08830049999999,128.9104896
6031077138,35.088544799999994,128.9102172
6031183228,35.088170700000006,128.9106343
6031077137,35.088048,128.9107712
6629461390,35.0883112,128.9111405
6031172437,35.0877596,128.9063842
6031172428,35.0876956,128.9063832
6031172435,35.0877641,128.9061
6031172436,35.08776189999999,128.9066499
6031183209,35.087843199999995,128.9087284
6031183227,35.08811979999999,128.9105657
6031183220,35.0885038,128.9111906
6031183225,35.0884481,128.9116783
6031183229,35.088568599999995,128.9118062
8242943614,35.088853500000006,128.9120595
6629461492,35.08672109999999,128.9087295
6629461486,35.086534099999994,128.9073791
13283325783,35.0889253,128.9031798
6032293528,35.0809989,128.9043492
6403191120,35.081555599999994,128.8970472
6036478247,35.0808157,128.8979385
6403191686,35.08091869999999,128.8977101
6036503501,35.0808441,128.8972081
6403191171,35.08079990000001,128.8972905
6037923058,35.0807634,128.8970557
6037923048,35.08095000000001,128.8971389
6779219529,35.08112349999999,128.8970501
6037923052,35.08086879999998,128.89696590000003
6779219537,35.0807764,128.8963338
6780128440,35.0806097,128.8970506
6042921793,35.0899642,128.8975696
6038112510,35.090463799999995,128.8975393
6037967582,35.0899524,128.8994661
6042921790,35.089961699999996,128.8978565
6089891704,35.08921159999999,128.9015233
6038112514,35.0904596,128.8981088
6038112511,35.0904576,128.8992168
6038112515,35.0905739,128.8980412
6038112517,35.09106850000001,128.8983094
6038143750,35.0860954,128.8979612
6038143751,35.08554,128.8984167
6038143757,35.0864251,128.89794160000002
6038143753,35.08554999999999,128.8989946
6776787438,35.0856184,128.8994645
6776787388,35.085362399999994,128.8994666
6776787407,35.08665469999999,128.8996195
6769348747,35.0866652,128.8977297
6762932080,35.0843251,128.8984482
6038256141,35.0844493,128.8972326
6038430026,35.1041093,128.9237826
8168410529,35.1027325,128.9235553
6254074535,35.1041811,128.9236422
8168410533,35.10266559999999,128.9235193
8168381034,35.10473110000001,128.9213048
6614587742,35.104809,128.9211509
6038631620,35.0869419,128.8979117
6038631628,35.08734639999999,128.8976263
6038631631,35.08719490000001,128.8975096
6040457770,35.1027423,128.920847
6605085525,35.10278019999999,128.9209024
8170880492,35.102055899999996,128.9207832
6040457772,35.100819699999995,128.9232693
8168410544,35.10079079999999,128.9232614
8168410559,35.1023996,128.923509
6040457773,35.10249910000001,128.9234938
8171327140,35.10259580000001,128.9226829
6040457777,35.1012881,128.9182317
6327279010,35.101250500000006,128.9182822
8170880468,35.101325200000005,128.9182204
8171327248,35.10130949999999,128.9192046
6040457779,35.1010723,128.9203589
8171327236,35.10124210000001,128.9198073
8170880476,35.1019293,128.9205071
8171327245,35.1011771,128.9187951
6040457780,35.102765,128.9206743
8168381051,35.1028288,128.9206855
8170880496,35.10208119999999,128.9205297
6040457784,35.10795939999999,128.9214704
6614587730,35.10792039999999,128.921425
8170880387,35.10894619999999,128.9215794
6043151792,35.088360699999996,128.8982066
6043151794,35.0886458,128.8985445
6043151797,35.08858169999999,128.8971515
6043151799,35.088463199999985,128.898967
6043151801,35.087219,128.9001659
6043151802,35.08733529999999,128.900009
10968672984,35.0867321,128.8995677
6043151808,35.0873254,128.9003255
6043151807,35.087685400000005,128.9000493
6043151810,35.0875383,128.8998052
6043151809,35.0876898,128.8998092
6043151824,35.0875357,128.8995893
6043167252,35.0880861,128.9007926
6043167249,35.08781679999999,128.9007876
6043167251,35.08778100000001,128.9008541
6043167250,35.0877789,128.9012662
6043167257,35.08704889999999,128.9012577
6043167255,35.0869328,128.9007922
6043167256,35.086657,128.9007962
6058370747,35.0866547,128.9019925
6050900219,35.1163952,128.9071482
6050900220,35.116426999999995,128.9068145
6089311587,35.11689809999999,128.907221
8242943691,35.1010673,128.9050849
13408035322,35.1164427,128.90665
6050900223,35.11681899999999,128.9066981
6050900224,35.116068,128.9066021
6050900222,35.116845299999994,128.9064287
6050900228,35.11669950000001,128.9066828
6050900226,35.11608390000001,128.9064623
6050900227,35.116448600000005,128.9065838
6050900229,35.116749299999995,128.9061749
6776787421,35.0866539,128.9023984
6058370742,35.08715999999998,128.9028001
6058370739,35.088033499999995,128.9032813
6058370740,35.0880344,128.9029902
6058370746,35.0869768,128.90199
6077324858,35.080276899999994,128.9101611
6089271097,35.094311499999996,128.9195
8171327304,35.09457449999999,128.9195394
8178033951,35.0941213,128.9194672
6089271100,35.094054,128.9199901
8178033956,35.0939879,128.9196381
8178033953,35.09414189999999,128.919604
6166288454,35.095102499999996,128.9224987
6089301577,35.0815311,128.9042512
6089311588,35.1169954,128.9061038
6089504777,35.0996016,128.9049787
6089504778,35.0992914,128.9079765
8242943693,35.099722799999995,128.9032688
6089890974,35.09848960000001,128.9078625
11066624337,35.0972552,128.9076903
11066701010,35.09840609999999,128.9087178
8176535636,35.09828890000001,128.917851
6961293538,35.0891611,128.9025326
11066747537,35.0917993,128.9024512
6089897623,35.09118960000001,128.9029783
6089891697,35.091925599999996,128.9009772
6089891701,35.0919549,128.9002451
6089897624,35.09137989999999,128.900895
7259825261,35.092692899999996,128.9010797
6089891698,35.09756910000001,128.9016913
6089891702,35.096231,128.9014858
6961293545,35.0943686,128.9012856
11066749509,35.0932333,128.9004041
7259825259,35.096274,128.9010433
11066747538,35.091244199999984,128.9023807
11066747539,35.09051670000001,128.9022875
11066747546,35.0913464,128.9012614
11066747541,35.0910077,128.9010508
6089907880,35.097357300000006,128.9267664
6094060180,35.0974188,128.9260836
6094060181,35.0967718,128.9265773
13282219118,35.0967073,128.9265574
6094068735,35.0975975,128.9265568
8178033838,35.097524199999995,128.9266073
8178033825,35.0976447,128.9265273
13282219129,35.097742999999994,128.9268767
6095737339,35.080015,128.9040111
6100944862,35.08541710000001,128.9102235
6100944866,35.085418699999984,128.91107830000004
6137787328,35.08573020000001,128.9111315
6119326589,35.08334659999999,128.9043654
6119326590,35.0838813,128.9042098
6119326592,35.0831291,128.9043639
6119326591,35.08399910000001,128.9042074
6119326596,35.0826247,128.9040828
6119348752,35.0797869,128.9055111
6119348754,35.0818193,128.9061247
6743619542,35.08675940000001,128.9102635
6137787296,35.08433039999999,128.9109347
6128476049,35.1068775,128.9242299
6128476053,35.1061222,128.9242271
8170849499,35.10706139999999,128.9242198
6130595107,35.106908700000005,128.9238983
6128476050,35.107139999999994,128.9214405
8176535279,35.107294599999996,128.921464
6130595097,35.1068414,128.9213952
6130595099,35.10707,128.9221846
6128476052,35.10640199999999,128.9213302
8168410588,35.10620639999999,128.9213012
6130595102,35.1063669,128.92169280000002
6130595108,35.1061645,128.9237897
6128476054,35.10607769999999,128.9212836
8168410586,35.1060659,128.9213989
8168410581,35.106094399999996,128.9211401
7259825234,35.1054885,128.9241461
6130595110,35.1058733,128.9233096
6130595094,35.1074444,128.9218188
6130595096,35.10733990000001,128.9222223
7259825215,35.1081029,128.9223287
6342432172,35.107224400000014,128.922936
6130595101,35.10680959999999,128.9217619
6130595098,35.106777,128.9221321
6130595100,35.10633190000001,128.9220553
6130595103,35.10702549999999,128.9226574
7259825237,35.1062857,128.9225338
6130595105,35.1069881,128.9230547
6130595104,35.1059558,128.922475
7259825231,35.1056825,128.9224305
6130595111,35.1067294,128.9230162
6130595109,35.10694789999999,128.9234816
6130595106,35.10624609999999,128.9229444
7259825232,35.10620560000001,128.9233628
6130595112,35.1066356,128.9238584
7259825222,35.1066823,128.9234391
7259825230,35.105588299999994,128.923264
6137787295,35.08418840000001,128.9107081
6137787297,35.08418559999999,128.91094
6137787299,35.087525,128.9118824
6137787329,35.0856716,128.9114852
6138017764,35.090872999999995,128.9193497
6139009787,35.09075059999999,128.9189848
6139009766,35.089847199999994,128.9137198
6139009767,35.09019469999999,128.9168434
6139009768,35.09001140000001,128.9169617
6139009770,35.09121089999999,128.9184694
6139009771,35.0911657,128.9184932
6139009784,35.09080459999999,128.9185144
6139009773,35.091107,128.9188843
6139009777,35.0904714,128.9182024
6139138979,35.093337699999985,128.9248625
6139139116,35.0932895,128.9243915
6139138984,35.0926882,128.9218971
10988888459,35.0930881,128.9216845
6157887447,35.08430980000001,128.8955772
6629461431,35.08430709999999,128.8959048
6355660462,35.08194729999999,128.8955841
6157887470,35.086728599999994,128.8957105
6629461433,35.0866603,128.8960099
6157887477,35.087531799999994,128.8960034
6629461435,35.08745919999999,128.8962998
6755881898,35.088717900000006,128.8962792
6157891453,35.0792275,128.9035829
6629461415,35.0795333,128.9035806
6629461409,35.0819636,128.9116585
6373847475,35.0843541,128.9120362
6157968605,35.087777199999984,128.9126622
6157968611,35.0876779,128.91272910000004
6373847473,35.08667359999999,128.9122267
6161154097,35.091629399999995,128.9144022
6961286569,35.091637999999996,128.914155
6161181886,35.0929504,128.919543
6340902697,35.09609429999999,128.9232097
6166312047,35.095056099999994,128.924191
6168042921,35.09605609999999,128.9235815
6168042932,35.0970636,128.9237295
6180871505,35.093835200000015,128.9251156
6180871506,35.09363469999999,128.9254169
6180871504,35.0922068,128.9181033
6180871507,35.093802499999995,128.9245191
6180871508,35.0935854,128.9245495
6195428522,35.08675869999999,128.9105162
6218945723,35.0939492,128.9194376
8178033959,35.093920499999996,128.9192977
11066701049,35.0977328,128.9106366
11066701045,35.09673479999999,128.9096283
6218945726,35.095393699999995,128.9222822
8178034080,35.0958981,128.916236
8178033891,35.0935738,128.9167338
6218961052,35.092988999999996,128.9142605
8171327322,35.0932482,128.9153595
8181482403,35.09585820000001,128.9186107
8181482401,35.0960628,128.9173905
6236402598,35.0889441,128.8999388
7259825220,35.1071469,128.9292527
8168381042,35.1044313,128.9212622
6254074538,35.102961,128.9209306
6254074539,35.10292,128.9209279
8170849474,35.103443999999996,128.9210237
6254074548,35.10296449999999,128.9284948
6314875992,35.1194818,128.8988113
6314875993,35.119876600000005,128.899028
6314877459,35.1199316,128.8988317
6314877456,35.11994539999999,128.8994408
6743458585,35.11890359999999,128.9031638
6318026874,35.10941459999999,128.9312695
6326364168,35.0984875,128.9172112
8176535637,35.0985418,128.9174087
6327278979,35.1079856,128.9192386
8176535031,35.10805320000001,128.9192484
6327278992,35.10508649999999,128.9187558
8176535257,35.1078454,128.9203126
6327278984,35.1090661,128.919301
6327278985,35.1092772,128.919366
8176535040,35.1090751,128.9191886
8170880361,35.1081586,128.9192612
8170880368,35.11039370000001,128.919528
8176530113,35.109474,128.9197516
6327278991,35.1104833,128.919611
8170880372,35.1103349,128.9213751
8168410662,35.1049852,128.9188415
6327278996,35.1047775,128.9208175
6327278997,35.1048289,128.9210042
8168410573,35.1059541,128.9211198
6327279001,35.104603799999985,128.9186858
6327279002,35.10469439999999,128.9187979
8168381050,35.103051,128.9184217
8168381045,35.104486800000004,128.9207758
6327279012,35.0989113,128.9179402
8171327271,35.098796899999996,128.9190369
8171316203,35.1009538,128.9181618
6327279018,35.10101530000001,128.918248
8171316204,35.100289999999994,128.92029
8176535079,35.10668760000001,128.9270701
6743242295,35.1079937,128.9277334
6340900537,35.0938567,128.9198745
6340900542,35.09328299999999,128.9199684
6340900541,35.09302559999999,128.9197329
6340902689,35.0942817,128.9225787
6340900558,35.0940867,128.9226677
6340900583,35.09389099999999,128.9227584
6340900568,35.094836199999996,128.9251285
8178033852,35.094741899999995,128.9223603
6724927995,35.0977613,128.9255375
6340902698,35.10472219999999,128.924024
7259825246,35.104685399999994,128.9243737
7259825233,35.10481510000001,128.9231403
7259825223,35.10514539999999,128.9240938
7259825189,35.1077919,128.9249255
6341026096,35.108745199999994,128.9246178
7259825204,35.1071961,128.9247832
6342432178,35.1069807,128.924792
6629461428,35.08195189999999,128.8958912
6629461418,35.07952550000001,128.8994506
6355666511,35.08301769999999,128.8961846
6757237471,35.08409319999999,128.8961875
6629461403,35.0867984,128.9119259
6373847474,35.0843522,128.9116563
6387361621,35.08439599999999,128.89947190000004
6387361619,35.084322900000004,128.8993582
6762932081,35.08432510000001,128.8984584
6403191157,35.0815307,128.8971056
6403191166,35.0815125,128.8969856
6403191121,35.081450000000004,128.8970707
6765439756,35.0812425,128.8970369
6766477883,35.0815603,128.8972694
6765379461,35.081512999999994,128.8968922
6403191173,35.0807562,128.8976206
6403191180,35.08028929999999,128.8979833
6403191183,35.0803688,128.8972585
6403191685,35.08060209999999,128.8979461
6403191687,35.080686,128.8977127
6417352193,35.096297,128.911674
8242943500,35.093814099999996,128.9084503
8242943510,35.0939883,128.9119851
6417352213,35.0924356,128.9126836
8178033888,35.093269299999996,128.916683
6417352246,35.0932125,128.9127395
6417352217,35.09420699999999,128.9126828
6417352247,35.093982999999994,128.9125328
6417352236,35.09335190000001,128.912777
6417352229,35.09335730000001,128.9126287
6417352232,35.09308980000001,128.9128739
6417352239,35.09294169999998,128.9128541
6417352235,35.092699999999994,128.9128553
6417352241,35.0927163,128.9129848
8242943511,35.093994499999994,128.9118476
6600415036,35.100610800000005,128.9248526
8168410556,35.10070960000001,128.9236333
6602771885,35.100642099999995,128.9234183
8168410551,35.1006187,128.9236197
8168410550,35.10046779999999,128.9235375
8168410549,35.1007826,128.9232509
8168410553,35.1005068,128.9231961
8168410552,35.1007385,128.923582
6605075037,35.10247369999999,128.9239163
8168410570,35.10237669999999,128.92381
6605075044,35.101835300000005,128.9237294
8168410567,35.101327999999995,128.923672
8242943441,35.10183129999999,128.9243153
6605085511,35.1010664,128.9206068
8171327227,35.10106859999999,128.9211105
8170880490,35.1020044,128.9207769
6605085516,35.1007973,128.9228026
8168410546,35.100765599999995,128.9232043
8171327228,35.101039899999996,128.9213091
6611795666,35.112791099999995,128.9316183
6611795643,35.1126257,128.9316664
6614587728,35.1102247,128.9218002
8170880388,35.1091151,128.9216046
8170880436,35.1080283,128.9204922
8170880428,35.107829499999994,128.9204624
6614587734,35.10447550000001,128.923689
6614587740,35.1049414,128.921167
6614587744,35.104417,128.9209294
8168381061,35.103612000000005,128.9207725
6614587745,35.10297729999999,128.9207117
8168381064,35.10348,128.9207541
6629461482,35.086646999999985,128.90417600000004
8280875785,35.0866518,128.9049052
6732092083,35.1102375,128.9320812
8176535132,35.103927399999996,128.9290766
6743391169,35.1135174,128.9237548
12543371774,35.11786099999999,128.9069194
6743458587,35.1183383,128.90566770000004
6743516384,35.11577640000001,128.9160366
6743527085,35.1157106,128.9159587
11527142057,35.11718580000001,128.910033
6743527089,35.115563599999994,128.9162136
6757237461,35.08883269999999,128.8968078
6757237460,35.08851920000001,128.8967519
6757237462,35.088828,128.8971301
6757237466,35.08653389999999,128.8960309
6757237468,35.0864897,128.8962218
6757237469,35.084098999999995,128.8959484
6757237472,35.08213560000001,128.8959654
6757237475,35.08095839999999,128.8959693
6757237477,35.08095999999999,128.8961707
6761154178,35.0830341,128.8977539
6762931945,35.084231599999995,128.898368
6762931963,35.083442399999996,128.8980393
6762931967,35.0838579,128.8967696
6762931969,35.08330120000001,128.8967849
6763225869,35.0823812,128.8974319
6765379457,35.08144780000001,128.8964467
6765379464,35.0814734,128.8965164
6765379459,35.08156410000001,128.8963766
6765379463,35.081592099999995,128.896449
6766509690,35.0811733,128.8973483
6766509689,35.0811335,128.8979781
6766509693,35.08113660000001,128.8978366
6779219532,35.081198699999995,128.8964339
6780128451,35.0804838,128.8967378
6780128441,35.0804705,128.8967046
6780128442,35.0805507,128.896698
6780128444,35.0800276,128.897992
8242943329,35.099326700000006,128.9255559
8242943389,35.100486,128.9251188
11527436398,35.0918291,128.9140824
7259825185,35.09698499999999,128.9071672
11066747555,35.09423339999999,128.9027607
8242943699,35.093784500000005,128.90121030000003
8170849510,35.1122764,128.9207576
7259816773,35.11372289999999,128.9210242
8170849509,35.112683700000005,128.921447
8170849508,35.112749199999996,128.9208285
11066624375,35.096883000000005,128.9074828
7259825191,35.1072694,128.9250981
7259825190,35.1072948,128.9253813
7259825205,35.10888099999999,128.9231019
8170880397,35.1090011,128.9218222
7259825210,35.10863899999998,128.9230679
8178033979,35.1093708,128.9231707
7259825206,35.109010600000005,128.9217211
8170880389,35.109100399999996,128.9217381
8170880394,35.1089349,128.9217101
8170880392,35.108941900000005,128.9217979
8170880375,35.1090939,128.9216006
8170880393,35.1090729,128.9218199
8170880399,35.10902389999999,128.9215905
7259825207,35.1083438,128.9230264
11578413192,35.1080678,128.9229876
7259825216,35.108413500000005,128.922372
8170849502,35.10802459999999,128.9238038
8170849504,35.1101898,128.9234705
8178034013,35.110068299999995,128.9232688
7259825212,35.1087458,128.9220334
7259825213,35.1084544,128.9219882
8170880391,35.108795799999996,128.92169
7259825224,35.1052361,128.9232077
7259825225,35.104856299999994,128.9227486
7259825236,35.104903099999994,128.9223035
7259825226,35.1056342,128.9228712
7259825227,35.10494610000001,128.9218936
7259825228,35.1057313,128.9220126
8176535091,35.105203599999996,128.9258048
8176535106,35.105336099999995,128.9260245
7259825239,35.1045466,128.9257041
8176535094,35.10458679999999,128.9253189
8176535089,35.1050399,128.9244261
8176535088,35.1046138,128.9250602
8176535111,35.10554479999998,128.9266185
8242943695,35.0953653,128.9004668
8242943694,35.09631600000001,128.900591
11066747536,35.09256560000001,128.9025486
8242943703,35.09317300000001,128.9011411
8242943697,35.0934629,128.9031702
8168381060,35.1036003,128.9208985
8168381059,35.104398700000004,128.9211179
8168381063,35.103459099999995,128.9208762
8168381062,35.1037378,128.9201017
8168381066,35.1041701,128.9201617
8168381068,35.103457,128.9200637
11575957033,35.1035644,128.9194293
8168381065,35.1034866,128.9206967
8168381067,35.104111,128.92070590000003
8168381076,35.104417100000006,128.9201974
8168381078,35.10400669999999,128.9198561
11575957035,35.1033236,128.9194688
8168381075,35.1033107,128.9205486
8168381077,35.10436369999999,128.9207559
8168381099,35.10447529999999,128.919604
8168381095,35.10455790000001,128.918902
8170880495,35.102068199999984,128.9206652
8171327141,35.1026542,128.9226919
8168410526,35.10413189999999,128.924216
8242943386,35.1038433,128.9271792
8168410528,35.10407920000001,128.924062
8176535192,35.103941599999985,128.9240744
8168410531,35.1027082,128.9238416
8176535195,35.10380709999999,128.9240552
8171327234,35.10098180000001,128.92267980000003
8168410548,35.10053669999999,128.9231632
8171327088,35.10020620000001,128.9205071
8168410557,35.10049759999999,128.9236003
8171327037,35.10044,128.9235217
8242943394,35.10052109999999,128.9247225
8168410555,35.1007889,128.9235683
8171327035,35.10046749999999,128.92319580000003
8171327220,35.1003376,128.9248379
8168410565,35.102505900000004,128.9249571
8168410568,35.1012636,128.9238254
8168410574,35.1062223,128.9211587
8168410582,35.10610419999999,128.9210523
8168410584,35.10593050000001,128.9213394
8168410585,35.106129100000004,128.921409
8168410587,35.105999700000005,128.9213896
8168410589,35.106199,128.9213617
8168410619,35.1117485,128.9206764
8168410624,35.11059710000001,128.9205013
8168410629,35.11071890000001,128.9196381
8168410633,35.1108828,128.9195924
8242943222,35.111021699999995,128.919614
8168410642,35.1117752,128.9200724
8168410657,35.10512479999999,128.9183953
8176535039,35.109090299999984,128.91898760000004
11575856028,35.1032778,128.9217273
8170849484,35.1031455,128.9229421
8170849485,35.103366599999994,128.9229817
11575856027,35.10301020000001,128.9212837
8170849498,35.10348609999999,128.9217528
8170849497,35.10371219999998,128.9214846
8170849503,35.1102816,128.923485
8170880385,35.110194700000015,128.9243324
8170880380,35.110517900000005,128.9214057
8178034001,35.11009349999999,128.9243761
8170849505,35.11009260000001,128.9234543
8178034025,35.1099709,128.9248356
8170880321,35.1108989,128.9193908
8170880359,35.1128526,128.9198617
8170880328,35.1119188,128.9200744
8170880358,35.11337999999999,128.9235002
8170880360,35.1128192,128.9202071
8170880439,35.1080666,128.9201395
8170880366,35.11042659999999,128.9191975
13358635183,35.114763700000005,128.9181484
8176535025,35.10999050000001,128.9218732
8178034012,35.11007699999999,128.9231858
8170880390,35.10909360000001,128.9218144
8242890304,35.1098033,128.9219209
8170880398,35.108947500000006,128.9218146
8170880396,35.10904180000001,128.9218275
8170880411,35.10882469999999,128.9217528
8170880400,35.10903249999999,128.9214922
8170880426,35.1079428,128.9216318
8242890265,35.1079312,128.9216303
8178034030,35.1087239,128.9217372
8170880437,35.10792419999999,128.9204766
8170880434,35.10768409999999,128.9215973
8242890268,35.107598299999985,128.9215844
8176535256,35.10794009999999,128.92033
8170880438,35.107962400000005,128.9201233
8170880440,35.108190400000005,128.9201901
8176530047,35.108392399999985,128.9202001
8176530053,35.108583800000005,128.9208168
8176535036,35.1078806,128.91900520000002
8170880472,35.1020176,128.9205212
8171327142,35.102092299999995,128.9197972
8170880475,35.10196830000001,128.920029
8170880491,35.10201799999998,128.9206575
8170880489,35.10197790000001,128.9210814
8171327099,35.1017377,128.921169
8171327119,35.102223099999996,128.9211628
8171327040,35.1002245,128.9202793
8171327043,35.1003806,128.9194912
8171316214,35.0987377,128.9200658
8171327057,35.09935529999999,128.9201406
8171327274,35.0987056,128.9199885
8171327278,35.098715599999984,128.920297
8171327210,35.09924839999999,128.9233645
8171327095,35.0994428,128.9202652
8171327041,35.1002358,128.9201821
8171327055,35.09943889999999,128.9201524
8171327087,35.10040659999999,128.9192523
8171327051,35.10049140000001,128.9195445
8171327074,35.09969480000001,128.9193969
8171327044,35.10042800000001,128.9190561
8171327081,35.100418,128.9191475
8171327079,35.100501,128.9187434
8171327249,35.100173299999994,128.9185408
8171327050,35.10060790000001,128.9183698
8171327052,35.10044030000001,128.9201092
8171327086,35.10059609999999,128.9195577
8171327053,35.09953889999999,128.9193755
8171327054,35.09949629999999,128.9194542
8171327066,35.099797499999994,128.9182299
8171327076,35.09916779999999,128.9194076
8171327056,35.09934150000001,128.9202497
8171327090,35.09922770000001,128.9202323
8171327058,35.0993627,128.9200629
8171327059,35.09898869999999,128.9193778
8171327060,35.098921499999996,128.9199125
8171327062,35.098982500000005,128.9190976
8171327078,35.0989949,128.9189118
8171327063,35.099018099999995,128.9185654
8171327065,35.09910800000001,128.91812440000004
8171327075,35.0996387,128.9199957
8171327080,35.1006354,128.9189386
8171327085,35.1008041,128.9191588
8171327082,35.100761500000004,128.9195786
8171327083,35.1007142,128.9201512
8171327084,35.100883100000004,128.9183812
8171327089,35.1001973,128.9206226
8171327092,35.099322199999996,128.9203648
10943568254,35.09931859999999,128.9203988
8171327096,35.09930370000001,128.9205276
8171327102,35.1016359,128.9218007
8171327128,35.1016454,128.9210526
8171327103,35.10160109999999,128.9222115
8171327105,35.10163730000001,128.9224014
8171327126,35.10120109999999,128.9230884
8171327124,35.1015637,128.9231323
8171327121,35.102066700000016,128.9223658
8171327114,35.1022693,128.9219251
8171327136,35.1022536,128.9208853
8171327123,35.1021586,128.9232362
8171327129,35.101674800000005,128.920794
8171327156,35.102343499999996,128.9198213
8171327151,35.1018021,128.9195586
8171327143,35.102381699999995,128.9191304
8171327166,35.1024263,128.9186691
8171327148,35.101830799999995,128.9191537
8171327164,35.1026301,128.9192413
8171327169,35.10188479999999,128.9185059
8171327171,35.1015607,128.9184863
8171327174,35.1017382,128.9197416
8171327157,35.1021938,128.9195158
8171327160,35.102607899999995,128.9198525
8171327159,35.10224959999999,128.9204014
8171327161,35.102520299999995,128.920415
8171327165,35.10268909999999,128.9185796
8171327173,35.1016839,128.9203407
8171327176,35.1014964,128.9196434
8171327179,35.10141339999999,128.9194601
8171327178,35.1013759,128.9203112
8171327203,35.100326700000004,128.9213808
8171327237,35.1012061,128.9197688
8171327260,35.09824239999999,128.9198831
8171327261,35.098259899999995,128.9199551
8181482486,35.098279199999986,128.918955
8171327276,35.0985803,128.9199679
8171327267,35.0987727,128.9179231
8171327273,35.09867189999999,128.9190203
8176535639,35.0985034,128.9177936
8171327272,35.09873060000001,128.9190284
8171327282,35.0979049,128.9198192
8181482487,35.0976599,128.9186022
8181482488,35.0980463,128.9186519
8171327283,35.098178000000004,128.9202905
8176535617,35.0979265,128.9227436
8176535613,35.09823539999999,128.9201976
8171327285,35.097864699999995,128.9202365
8176535629,35.097609899999995,128.92269
8171327288,35.09812130000001,128.9178285
8171327307,35.0945415,128.9199064
8171327305,35.094476400000005,128.9206309
8171327311,35.0933924,128.9143201
8171327312,35.0933016,128.9153634
8171327321,35.0947524,128.9167784
8171327330,35.0940001,128.91559350000003
8171327360,35.09328119999999,128.9155136
8178033886,35.09349929999999,128.9166094
8171327340,35.0960358,128.9149833
10968602246,35.095999500000005,128.9153137
8171327364,35.0925997,128.9121336
8242943615,35.0925331,128.912069
8242943627,35.0931001,128.912106
8171327366,35.09266499999999,128.9124396
8176530068,35.108562600000006,128.92067700000004
8176530060,35.1086836,128.9208071
8176530054,35.10860809999999,128.9203938
8176530055,35.1088042,128.9202624
8176535017,35.1085078,128.9202001
8176530115,35.1090849,128.9203009
8176530089,35.10942480000001,128.9203568
8176530090,35.1096971,128.9204064
8176530105,35.10930750000001,128.9203549
8176535044,35.109458599999996,128.9199042
8176530100,35.1097129,128.9204555
8176535047,35.109743200000004,128.9201967
8176530091,35.1098528,128.9206411
8176530101,35.110044599999995,128.9204657
8176535046,35.110054,128.9202466
8176530104,35.1102255,128.9215573
8176535045,35.10913120000001,128.9198639
8176535027,35.11006109999999,128.9221354
8176535030,35.1100275,128.922437
8176535029,35.1100738,128.922008
8176535035,35.10836129999999,128.919079
8176535087,35.1051803,128.927968
8176535105,35.1053078,128.9259845
8176535167,35.1039666,128.928591
8176535169,35.10364609999999,128.9285186
8176535145,35.104084900000004,128.9284997
8242943241,35.10477370000001,128.9279275
8242943272,35.1040283,128.9280802
8176535188,35.10375470000001,128.9242921
8176535189,35.1037128,128.9260091
8176535258,35.1074282,128.9202451
8176535259,35.1062189,128.9200627
8176535289,35.1072013,128.9197768
8176535261,35.1056253,128.9199685
8176535271,35.10626330000001,128.9196817
8176535276,35.10672100000001,128.9211435
8176535260,35.105269299999996,128.919912
8176535262,35.10560890000001,128.9197486
8176535265,35.10572189999999,128.9191179
8176535269,35.105394199999985,128.9190673
8176535270,35.1063208,128.91918930000003
8176535272,35.10594979999999,128.9196266
8176535277,35.106821,128.9203199
8176535278,35.1071948,128.9212137
8176535603,35.101642,128.9250319
8176535631,35.097975,128.9228535
8178023411,35.097865199999994,128.9232771
8176535635,35.09845409999999,128.9178752
8178023413,35.09754670000001,128.9232245
8178033977,35.0954676,128.92609
8178033961,35.09730689999999,128.9230384
8178033836,35.10118750000001,128.9278629
8178033841,35.093815799999994,128.9192905
8178033960,35.0938235,128.9193261
8178033957,35.0938968,128.919667
8178033859,35.0951526,128.9227088
8178033880,35.09418389999999,128.9196364
8178033885,35.0944926,128.9195684
8242943750,35.0944894,128.9214772
8178033898,35.09323259999999,128.9168151
8178033893,35.0936301,128.9170062
8178033894,35.0935448,128.9171116
8178033896,35.093365000000006,128.9171727
8178033931,35.0916618,128.9143906
8178033900,35.0932538,128.9170561
8178033932,35.09390719999999,128.917083
8178033958,35.094046899999995,128.9192631
8178033949,35.0943678,128.9194207
8178033950,35.0941271,128.9193787
8178033952,35.0941176,128.9195217
8178033954,35.09412679999999,128.9195904
8178033955,35.0940627,128.9196167
11527436391,35.0938544,128.9189762
8178033981,35.1093492,128.9233954
8178033980,35.1093404,128.9234873
8178033983,35.10935129999999,128.9239867
8178033985,35.1092238,128.923968
8178033992,35.10956,128.9240171
8178033995,35.1090337,128.9239403
11578413189,35.10932560000001,128.9250831
8178033986,35.10978969999999,128.9240507
8178033990,35.1097245,128.9247332
8178033989,35.10985000000001,128.9234183
8178033988,35.108795300000004,128.9239055
8178033998,35.1087247,128.9243731
8178033997,35.1088566,128.9233293
8178033999,35.1086107,128.9232173
8178033991,35.10962429999999,128.9234064
8178033993,35.1094766,128.9248108
8178033994,35.1090848,128.9234091
8178033996,35.1089933,128.9243597
8178034002,35.1103636,128.9244086
8178034004,35.1103532,128.9245172
8178034003,35.1103793,128.9242616
8178034023,35.10986170000001,128.9249343
8178034024,35.110161100000006,128.9247693
8178034027,35.107107,128.9215132
8178034032,35.095153200000006,128.9181061
8178034071,35.0945088,128.9179934
8178034035,35.09508319999999,128.9188117
8178034034,35.095223700000005,128.9174741
8178034033,35.09397030000001,128.9178992
8178034077,35.0941252,128.9186512
8178034040,35.0945581,128.9173815
8178034069,35.0956748,128.9175871
8178034070,35.0955287,128.9188705
8178034075,35.0945833,128.9188344
8178034065,35.0949149,128.9193743
8178034078,35.0945345,128.9192417
8178034073,35.09443100000001,128.918557
10968602245,35.096128900000004,128.9153347
8181447094,35.0962809,128.9162903
8178034081,35.0957578,128.9162163
8178034083,35.09567829999999,128.9152673
8178034104,35.09534859999999,128.9152237
8178034131,35.0956386,128.9140165
8178034084,35.09504419999999,128.9151905
8178034122,35.094897499999995,128.9166651
8178034091,35.0951182,128.9134213
8178034094,35.095478400000005,128.9135085
8178034149,35.0947015,128.9136713
8178034139,35.0949289,128.9129844
8178034095,35.09553639999999,128.9136499
8178034175,35.095631700000006,128.9132632
8178034096,35.09561579999998,128.9137034
8178034099,35.0955582,128.9142641
8178034136,35.0946035,128.9144327
8178034179,35.0951855,128.912738
8178034143,35.09443159999999,128.913059
8178034151,35.094381999999996,128.9134619
8178034153,35.0940933,128.9134883
8178034171,35.09442489999999,128.9135841
8178034174,35.094034099999995,128.9135741
8178034154,35.0937624,128.9135674
8178034155,35.09366809999999,128.9134521
8178034156,35.0933963,128.9136125
8178034160,35.093636599999996,128.9130477
8178034180,35.09382490000001,128.9129052
8178034178,35.096177,128.9127018
8181447090,35.0962167,128.9145869
11066701086,35.09650049999999,128.9133262
8178034190,35.09665420000001,128.9133317
8178034194,35.09683760000001,128.9133184
8181447060,35.097017199999996,128.9132897
8178034198,35.09713449999999,128.9132709
8178034204,35.09782779999999,128.91348940000003
8181447089,35.0969853,128.9129709
8178034209,35.0979475,128.9133431
8178034208,35.0979116,128.9141487
8181447052,35.0980419,128.9143213
8181447055,35.0977292,128.9143893
8181447053,35.097731499999995,128.9146781
8181447072,35.0976972,128.9149255
8181447059,35.0976249,128.9141175
8181447062,35.0970095,128.9136241
8181447087,35.097053900000006,128.9146298
8181447092,35.096372,128.9146044
8181447091,35.0964287,128.91461
8181447093,35.0964005,128.91437590000004
8181447096,35.0968465,128.9193991
8181482405,35.096761599999994,128.9202829
8181482391,35.096809199999996,128.9189895
8181482407,35.0966393,128.9204279
8181447100,35.0968633,128.9192
8181447115,35.09687370000001,128.9191143
8181482324,35.096879699999995,128.9183807
8181482363,35.09712919999999,128.9183956
8181482375,35.09678039999999,128.9183448
8181482331,35.0963856,128.9189491
8181482332,35.09613809999999,128.9189534
8181482345,35.0960579,128.9186409
8181482348,35.09627210000001,128.91819590000003
8181482383,35.0973138,128.9184838
8181482377,35.09508129999999,128.9192466
8181482385,35.09741809999999,128.91784390000004
8181482388,35.0972675,128.9190586
8181482392,35.09704540000001,128.9190251
8181482390,35.09722119999999,128.91970130000004
8181482393,35.0969802,128.919673
8181482399,35.09575869999998,128.9185918
8181482396,35.0958548,128.9188401
8181482400,35.09597060000001,128.9188542
8181482404,35.095842,128.9187721
8181482408,35.0966293,128.9205979
8181482431,35.0971588,128.9206083
8181482415,35.096236000000005,128.9204772
8181482411,35.0964074,128.9217564
8181482422,35.0961214,128.9215934
8181482425,35.09658689999999,128.9219437
8181482414,35.096179499999984,128.9209726
8181482418,35.096063300000004,128.9212993
8181482421,35.0962703,128.9200138
8181482420,35.095748,128.920381
8181482426,35.0960579,128.9221892
8181482428,35.0970084,128.9220004
8181482427,35.09556849999999,128.9221187
8181482430,35.096986199999996,128.9222568
8181482429,35.097199,128.9201758
8181482507,35.095339200000005,128.9223056
8242943771,35.09487130000001,128.9221383
8181537148,35.12903169999999,128.92154
11025584542,35.1291023,128.9214448
9371819637,35.1281336,128.9221604
8181537199,35.119713700000005,128.9248865
8181539020,35.12486320000001,128.9200234
8181537173,35.120290399999995,128.9193424
11025584539,35.12030239999999,128.9192388
9371819620,35.1202251,128.9199388
8181537208,35.1229526,128.9197384
8181537174,35.12144729999999,128.907995
9371814492,35.121290099999996,128.9094735
11025542550,35.1214579,128.9078653
13290737505,35.1274568,128.9088965
8181537175,35.1186998,128.917702
11025542603,35.118564,128.9190917
12955629237,35.1189334,128.9154314
12955580099,35.11731669999999,128.9175085
8181537177,35.1180074,128.9089884
9371819624,35.1188806,128.9091322
12955628744,35.1178351,128.909654
9371877736,35.1196572,128.9082932
8181537193,35.12006819999999,128.9214317
9371819619,35.1228903,128.9203282
8181537207,35.12367030000001,128.9122952
8181537214,35.1256196,128.9125728
8181537215,35.121049799999994,128.9118678
12955580077,35.1232367,128.9165348
8181537209,35.1174109,128.9112803
9371819626,35.117634200000005,128.9104305
9371819622,35.1166782,128.9140958
11025542555,35.1185413,128.9114514
8181537213,35.12930699999999,128.9133331
8181539140,35.129027300000004,128.9139115
8181539096,35.1298471,128.9125636
11025584427,35.12819699999999,128.9129439
11025584498,35.12707540000001,128.9127894
12955580005,35.12522160000001,128.9165552
12955629119,35.1206389,128.9158328
8181537216,35.119319299999994,128.9115923
9371819621,35.1190344,128.9144508
9371814493,35.1195604,128.9092277
11025542568,35.1187397,128.9114902
8181539018,35.117230199999995,128.9173673
9371819631,35.11638140000001,128.9152391
12955580097,35.117117199999996,128.9174739
11025584541,35.12487809999999,128.91988690000002
13290737829,35.1260693,128.92023490000003
8181539023,35.12936530000001,128.9199822
9371814453,35.1294262,128.9189277
8181539161,35.1286402,128.9198607
11025584426,35.1291458,128.921337
8181539024,35.1294352,128.9186962
11025584423,35.129666699999994,128.9173629
8181539026,35.13012810000001,128.9160862
8181539146,35.1298482,128.9158728
8181539027,35.13055820000001,128.9153573
8181539093,35.12993440000001,128.9165229
8181539138,35.13030359999999,128.9150931
12955474611,35.1309483,128.914874
8181539069,35.1310652,128.9112176
8181539071,35.1324832,128.91353440000003
8181539100,35.12827219999999,128.9113921
12952873063,35.13244080000001,128.9136955
8181539084,35.13314660000001,128.915097
9371814476,35.1330828,128.9152714
9372194491,35.132653799999986,128.9140984
8181539092,35.1310233,128.9168363
12955474758,35.1300311,128.9165507
9371816485,35.131094399999995,128.9169832
11025584411,35.129726399999996,128.9171207
8181539094,35.1268181,128.9168323
8181539095,35.1277027,128.9169386
12327022912,35.1268152,128.9164915
8181539099,35.1283941,128.9170418
11025584430,35.12809999999999,128.9130287
8181539134,35.1300396,128.9127903
8181539098,35.1286406,128.9150904
8181539145,35.12889880000001,128.915188
8181539160,35.1289323,128.9171321
11025584428,35.1281243,128.9128278
8181539108,35.1296613,128.9162811
8181539122,35.1292324,128.9160074
8181539121,35.12909779999999,128.9165486
8181539112,35.13147,128.9138294
8181539156,35.1318604,128.913558
8181539136,35.13113419999999,128.91411790000004
8181539159,35.1308948,128.9130556
8181539120,35.1288032,128.9157307
8181539123,35.1293778,128.9155376
8181539143,35.1295339,128.915057
8181539125,35.12979300000001,128.9145789
8181539126,35.12999920000001,128.9142141
8181539139,35.129261799999995,128.914078
8181539128,35.130503100000006,128.9147971
8181539127,35.1294859,128.9136279
8181539129,35.12980689999999,128.9131045
12955474613,35.13070299999998,128.9145787
8181539132,35.130348999999995,128.9137213
8181539130,35.13089620000001,128.9143677
8181539135,35.130570500000005,128.9134376
8181539133,35.1315677,128.9123276
8181539154,35.131239099999995,128.9126958
8181539151,35.1307159,128.912055
8181539157,35.13036829999999,128.9124194
8181539137,35.131386899999995,128.9144063
8181539144,35.13004810000001,128.9154874
8181539142,35.129051800000006,128.9146515
11025584424,35.1295911,128.9172254
8242890303,35.1099361,128.9219437
8242890307,35.1090129,128.9229881
8242943223,35.1109893,128.9199496
8242943226,35.104178099999984,128.9273826
8242943227,35.1037618,128.9273249
8242943228,35.10418399999999,128.9272924
8242943275,35.10414629999999,128.9275071
8242943297,35.103394599999994,128.9274148
8242943276,35.104078900000005,128.9275584
8242943258,35.10460869999999,128.9275333
8242943236,35.104821,128.9277164
8242943240,35.105186999999994,128.9277579
8242943257,35.10443299999999,128.9278338
8242943249,35.1051487,128.9279817
8242943264,35.10427330000001,128.9276064
8242943279,35.103561799999994,128.9268485
8242943294,35.10354250000001,128.9270506
8242943281,35.10259929999999,128.9265616
8242943280,35.1035086,128.9274043
8242943349,35.10353070000001,128.9271741
8242943284,35.1025181,128.9266681
8242943286,35.103406799999995,128.9269369
8242943285,35.1023823,128.9266302
8242943287,35.10231689999999,128.9264798
8242943292,35.102296,128.92668
8242943324,35.10251199999998,128.9265363
8242943289,35.102234900000006,128.9264571
8242943288,35.10222290000001,128.9274494
8242943342,35.1022516,128.9271475
8242943290,35.10214019999999,128.9274385
8242943360,35.10230629999999,128.9274646
8242943291,35.1022161,128.9266555
8242943325,35.1009237,128.9260658
8242943796,35.1021667,128.9271648
8242943800,35.101634700000005,128.9273219
8242943795,35.1021987,128.926835
8242943296,35.10088389999999,128.9262621
8242943358,35.10246329999999,128.92673
8242943784,35.100866,128.9263508
8242943364,35.10325790000001,128.9274429
8242943322,35.1005031,128.9261446
8242943341,35.100481599999995,128.9263209
8242943327,35.10052759999999,128.9259464
8242943803,35.100244999999994,128.9260665
8242943323,35.1004812,128.92593240000002
8242943326,35.1007486,128.9269324
8242943802,35.1008018,128.926669
8242943328,35.10044070000001,128.9266954
8242943805,35.100209699999986,128.9264495
8242943330,35.0992997,128.9257043
8242943332,35.10014009999999,128.9259592
8242943331,35.0990564,128.9256345
8242943333,35.0994527,128.9258286
11066782991,35.0989873,128.9256852
8242943804,35.10022690000001,128.9262488
8242943359,35.10237769999999,128.9271315
8242943348,35.1034262,128.9271447
8242943357,35.10252839999999,128.9271124
8242943351,35.10315309999999,128.9272736
8242943365,35.1027151,128.9273524
8242943355,35.1025262,128.9273601
8242943366,35.1027084,128.9275001
8242943442,35.10126759999999,128.9242235
8242943443,35.10176659999999,128.9249175
8242943498,35.0936316,128.9084431
8242943499,35.0931863,128.908385
8242943551,35.092695400000004,128.9083216
8242943546,35.094195899999995,128.90849350000002
8242943541,35.0937756,128.9088047
8242943502,35.0942951,128.9090394
8242943504,35.094256099999996,128.9098477
8242943543,35.09409860000001,128.9090085
8242943539,35.0936896,128.9097654
8242943512,35.0932966,128.9120752
8242943535,35.0940143,128.9088362
8242943542,35.093767,128.9089601
8242943548,35.0941122,128.9087825
8242943545,35.09417929999999,128.9086598
8242943549,35.0941738,128.9087259
8242943550,35.0941178,128.9087158
8242943552,35.092046999999994,128.909332
8242943584,35.0920219,128.9093218
8242943566,35.0919717,128.9070784
8242943578,35.0919398,128.9091933
8242943583,35.091754,128.9095348
8242943660,35.092037399999995,128.9095318
8242943624,35.092283099999996,128.9110182
8242943629,35.09353170000001,128.9043919
8242943659,35.092094900000006,128.9096006
8242943696,35.093620300000005,128.9013848
11066747534,35.093507100000004,128.9026684
11066747523,35.09299790000001,128.90311
8242943700,35.093506,128.9011786
11066747567,35.09305379999999,128.9024789
8242943753,35.0946336,128.9215733
8242943762,35.09488429999998,128.9215051
8242943770,35.09486819999999,128.9218874
8242943764,35.0949638,128.9214595
8242943801,35.10095630000001,128.9267124
11066782992,35.0989202,128.9263107
8280875790,35.08575559999999,128.9049137
9371814452,35.1295221,128.9188392
9371814475,35.132554,128.9158195
11025584468,35.132555800000006,128.9156428
11025584487,35.13324529999999,128.9152707
9371814487,35.1272068,128.9128089
11025584429,35.12803089999999,128.9129192
13290737509,35.1275988,128.908959
9371814494,35.119722499999995,128.9077291
9371814513,35.12045750000001,128.9176377
11025542602,35.12031369999999,128.9191189
9371819618,35.120949700000004,128.9177132
9371814514,35.1230854,128.9180139
9371814515,35.1226077,128.9179574
11025542576,35.1229344,128.9194894
9371816479,35.1311671,128.9167969
12955474734,35.1320052,128.9159687
9371819623,35.1183503,128.9143502
9371819629,35.117365,128.9142001
9371819627,35.1185478,128.9123447
9371819625,35.11872639999999,128.9105931
11025542572,35.11865190000001,128.9113465
11025542552,35.11864350000001,128.9115914
9371819636,35.126258699999994,128.9226563
9371819642,35.12702569999998,128.9226681
12327022930,35.12641359999999,128.9211603
9372194484,35.1321241,128.9158789
12952889265,35.132096999999995,128.9158185
11025584466,35.1324015,128.9157707
9372194485,35.132003899999994,128.9156114
12952905879,35.132189700000005,128.9154736
12952889181,35.131659299999995,128.9153488
9372194489,35.131746899999996,128.9146766
12952905880,35.13197279999999,128.9150832
12952905881,35.13207549999999,128.9144229
12952972734,35.1325876,128.9138732
12952889248,35.132607,128.9141292
9372194494,35.1324346,128.9141822
12952873066,35.13237710000001,128.9140515
12952889002,35.1324553,128.9142293
10241317897,35.08951540000001,128.8993049
11025542536,35.123840999999985,128.9082179
12543371769,35.1182008,128.9073783
12543371773,35.1179991,128.906916
13358635167,35.11443169999998,128.9200547
11025542588,35.117014600000005,128.9194938
12955580098,35.11720350000001,128.9176115
11025542594,35.12489079999998,128.9197755
13290737836,35.12681709999999,128.9201795
12327022917,35.12671099999999,128.9164406
12327022928,35.1262671,128.9201483
12327022915,35.1265132,128.9202079
11066624373,35.0970751,128.907604
11066624338,35.09689790000001,128.9080732
11066701008,35.096836700000004,128.9086568
11066624362,35.09697789999999,128.907827
11066624367,35.096806099999995,128.9077499
11066624351,35.099322,128.9104635
11066624350,35.0992617,128.9111077
11066624353,35.099678600000004,128.9111587
11066624374,35.0970654,128.9077316
11066624376,35.0968497,128.9078025
11066624372,35.09701049999999,128.9074966
11066624385,35.096810299999994,128.9075523
11066701009,35.09717930000001,128.9087069
11066701012,35.097943399999984,128.908118
11066701030,35.0978678,128.9089437
11066701011,35.097895,128.9086492
11066701029,35.09805539999999,128.9081317
11066701034,35.097977,128.9089561
11066701050,35.09722869999999,128.9092729
11066701048,35.0978576,128.9093651
11066701064,35.0977951,128.9100022
11066701054,35.09795239999999,128.9093781
11066701053,35.097362499999996,128.9092134
11066701068,35.09791640000001,128.9100181
11066747525,35.09292430000001,128.9039262
11066747569,35.09303140000001,128.9027389
11066747568,35.0931384,128.9026215
11066747535,35.0929244,128.9025942
11066747540,35.0899551,128.9022052
11066749535,35.089859399999995,128.9035042
11066749540,35.09003440000001,128.90189
11066747556,35.0947752,128.9028296
11066749507,35.093301499999995,128.8996491
11066749522,35.0906006,128.9011965
11066749548,35.08978129999999,128.9030051
11066782967,35.09821159999999,128.9253193
11066782990,35.099003700000004,128.9255379
11066789516,35.0989996,128.9255749
11066789517,35.098567900000006,128.9255559
11066789528,35.098963899999994,128.9259034
11066782993,35.0989469,128.9260621
11066789519,35.09864240000001,128.9259779
11066782995,35.09845159999999,128.9255536
11066789513,35.0984076,128.925445
11066789526,35.09840189999999,128.9257396
11066789523,35.0985971,128.9257401
11066783000,35.098422,128.9259108
11066789524,35.098334,128.9257513
11066789527,35.098606999999994,128.9258026
11066789531,35.09782100000001,128.925281
12543371768,35.117759699999986,128.9078153
11527436385,35.0932189,128.9190829
6961293493,35.093614800000005,128.9189544
11527436395,35.092705900000006,128.9174238
11575856022,35.1032439,128.9210619
11575957034,35.1033669,128.9188157
12327022906,35.1261241,128.9239085
12327022914,35.126525799999996,128.9200869
13290737839,35.1265628,128.9197328
12327022927,35.1262788,128.9200161
12327022916,35.1265006,128.9203283
13290737834,35.126758,128.9203898
12327022926,35.1260018,128.9239749
12327022936,35.12635579999999,128.919264
13290737844,35.1259711,128.9199552
12327022929,35.1262545,128.9202744
13290737831,35.12623499999999,128.9204689
13290737832,35.1264707,128.92061430000004
12327022935,35.1261634,128.921152
13290737840,35.12631979999999,128.9196226
12327022942,35.126606699999996,128.91931310000004
12512219065,35.10880219999999,128.929968
12512219074,35.1087858,128.9297801
12512219075,35.1095219,128.9297198
12512219066,35.10928930000001,128.9293617
12512219067,35.10930269999999,128.9296183
12512219068,35.1088562,128.929773
12512219078,35.108344699999996,128.9299773
13358635158,35.1147579,128.9188041
12952873064,35.1325557,128.9137647
12952873065,35.1326305,128.9135994
12955338369,35.132760499999996,128.9135498
12952889180,35.1326282,128.91462900000002
12952889175,35.13276930000001,128.9145334
12952889179,35.13151719999999,128.9154766
12952889251,35.1319563,128.9159329
12952889250,35.1309982,128.9149373
12952905883,35.1322908,128.9148576
12952905882,35.1324921,128.915267
12952889236,35.1325404,128.9138944
12955474752,35.1300439,128.9164976
12952972709,35.13371,128.9146323
12952972748,35.1338999,128.9146705
12952972766,35.1336397,128.9141701
12952972726,35.1334825,128.9147499
12952972716,35.133200699999996,128.9141291
12952972720,35.13292130000001,128.9139878
12953108159,35.133217900000005,128.9143179
12952972717,35.13286459999999,128.9137873
12952972768,35.13266190000001,128.9137601
12952972767,35.13366349999999,128.9138943
12952972718,35.13334089999999,128.9145348
12952972723,35.1332135,128.9146424
12952972719,35.1330404,128.9147884
12952973085,35.1320381,128.9159928
12952972727,35.13264360000001,128.913848
12953108160,35.1330647,128.9143624
12952972724,35.13338600000001,128.9148811
12952972725,35.1336233,128.915162
12952972747,35.133704099999996,128.9150453
12952972763,35.1331888,128.9155778
12955338368,35.1327771,128.9136357
12952972735,35.13344279999999,128.9134293
12952972741,35.1340033,128.9145691
12952972973,35.1341814,128.9150189
12955429092,35.1338467,128.9142607
12952972750,35.134083399999994,128.9147157
12952972754,35.132777,128.9156654
12952972764,35.132864,128.9157229
12952973028,35.1326538,128.9158156
12952972972,35.13314750000001,128.9153777
12952972755,35.132943699999984,128.9157755
12952972757,35.13217409999999,128.91628230000003
12952972758,35.1332197,128.9153758
12952972760,35.1329041,128.9156925
12953108167,35.13367699999999,128.9162909
12952972765,35.1337332,128.91403910000002
12952972920,35.1298996,128.9217186
12952973072,35.1311009,128.9208325
12952972960,35.1329921,128.9160476
12953108161,35.1332415,128.9160189
12953110355,35.1340212,128.9173726
12952972975,35.1338022,128.9151322
12952973029,35.13371409999999,128.9152383
12952972976,35.1341608,128.9148424
12952972994,35.1314493,128.9173062
12952973101,35.1316036,128.9173511
12952973071,35.13096399999999,128.9199821
12953110326,35.13249690000001,128.9162223
12952973010,35.13098380000001,128.9208616
12952973012,35.13337109999999,128.9156095
12952973021,35.133079900000006,128.9158443
12952973022,35.1335202,128.916001
12952973035,35.1342494,128.9159185
12952973038,35.132190500000014,128.9175216
12952973039,35.13207679999999,128.9174889
12952973047,35.131435,128.9189011
12953110313,35.13236100000001,128.9173939
12953110306,35.1318306,128.9174172
12952973079,35.1314076,128.9177615
12952973046,35.13129060000001,128.9181045
12952973073,35.13117299999998,128.9190106
12952973052,35.1314091,128.9190809
12952973051,35.1311032,128.9204628
12952973065,35.13105749999999,128.9205704
12952973055,35.1310994,128.9198861
12952973054,35.1311106,128.9196843
12952973078,35.130948599999996,128.9174376
12952973086,35.1324503,128.91641250000004
12953108185,35.1325077,128.9164793
12953108184,35.1317972,128.9171097
12953108163,35.13366860000001,128.9162152
12953108166,35.1338488,128.9161089
12953108168,35.1326895,128.9163379
12953108187,35.1329291,128.9164725
12953110314,35.13225500000001,128.9168982
12953110307,35.1326084,128.9165966
12953108186,35.132734,128.916745
12953110352,35.1326029,128.9172772
12953110327,35.134000500000006,128.9166726
12953110302,35.132081199999995,128.9172551
12953110308,35.132438900000004,128.9169639
12953110319,35.13405959999999,128.9166456
12955338356,35.1301675,128.9096913
12955474609,35.1305677,128.9102182
12955338365,35.13250849999999,128.9131938
12955338390,35.1322474,128.912578
12955338366,35.13261229999999,128.9128671
12955338367,35.13277699999999,128.913442
12955338389,35.13232030000001,128.9125146
12955429066,35.1327795,128.9128298
12955338370,35.1327384,128.9134583
12955429083,35.1333518,128.9132675
12955338379,35.132385799999994,128.9131577
12955338388,35.1325674,128.9119854
12955429069,35.1325423,128.9119424
12955429079,35.13181140000001,128.9119202
12955429040,35.1310465,128.9108733
12955429086,35.1331034,128.9127657
12955429087,35.13292830000001,128.9124224
12955474606,35.1310809,128.9103084
12955474612,35.130258100000006,128.914052
12955474628,35.12968430000001,128.9134052
12955474616,35.130316699999995,128.9138063
12955474757,35.1300181,128.9166047
12955570861,35.1274734,128.9165677
12955570885,35.125999199999995,128.9163511
12955570872,35.12661599999999,128.916337
12955580039,35.12329520000001,128.91661
12955580074,35.12326029999999,128.9169645
12955580075,35.123301899999994,128.9165425
12955580050,35.1205359,128.9158651
12955629195,35.12049220000001,128.9163113
12955629118,35.12054040000001,128.9158195
12955580072,35.1190233,128.9153803
12955629235,35.1190174,128.915445
12955629231,35.11906950000001,128.9148702
12955580073,35.12333339999999,128.9162236
12955580076,35.1231686,128.9165268
12955580079,35.1231277,128.91693970000003
12955629003,35.123181100000004,128.9163822
12955580078,35.12319569999999,128.9162133
12955628743,35.1180066,128.9097129
12955628766,35.12237780000001,128.9121949
12955629077,35.121970899999994,128.9162866
12955628776,35.1223585,128.9173854
12955629005,35.122256699999994,128.9172348
12955629185,35.1223335,128.9173735
12955629075,35.1228415,128.9177934
12955628781,35.1230084,128.9178774
12955628790,35.1227335,128.9167909
12955629076,35.122600899999995,128.9169144
12955629004,35.1228956,128.9166325
12955629021,35.1230522,128.9164952
12955629050,35.12246759999999,128.9170384
12955629042,35.1219828,128.916411
12955629006,35.12267469999998,128.9164192
12955629043,35.122282500000004,128.9164372
12955629015,35.12297430000001,128.9169937
12955629057,35.1228712,128.9173988
12955629060,35.123068800000006,128.9174574
12955629078,35.1218873,128.9162883
12955629184,35.12173570000001,128.9164362
12955629143,35.1214143,128.9160817
12955629113,35.12076560000001,128.9155051
12955629117,35.120732000000004,128.9158453
12955629114,35.12066610000001,128.9165134
12955629116,35.12072249999999,128.9159425
12955629194,35.120574099999985,128.9154763
12955629142,35.1214081,128.9176806
12955629175,35.1211452,128.9175342
12955629183,35.1210961,128.9176438
12955629182,35.12191399999999,128.9167999
12955629186,35.122289800000004,128.9178245
12955629196,35.11885470000001,128.9153985
12955629236,35.1188525,128.9154182
12955629233,35.1189132,128.9148594
12955629229,35.11648579999999,128.91505500000002
12955629232,35.1189674,128.9159963
12955629234,35.1187706,128.9161717
13282219126,35.0976086,128.9271092
13290737506,35.1274838,128.9089332
13290737510,35.127634799999996,128.9089364
13290737512,35.12767569999999,128.908758
13290737517,35.1274708,128.90871130000002
13358635148,35.115109399999994,128.919315
13358674617,35.09932440000001,128.9146478
