timestamp,true,pred,pvalue,score,state,psi,w1,ms_confirmed,infer
2024-04-02 17:00:00,0,0,0.6019900497512438,1.0797558546066284,NORMAL,,,False,early_exit
2024-04-02 18:00:00,0,0,0.6019900497512438,1.0797558546066284,NORMAL,,,False,early_exit
2024-04-02 19:00:00,0,0,0.845771144278607,0.5522540211677551,NORMAL,,,False,full
2024-04-02 20:00:00,0,0,0.5970149253731343,1.1031168699264526,NORMAL,,,False,full
2024-04-02 21:00:00,0,0,0.6019900497512438,1.0797558546066284,NORMAL,,,False,early_exit
2024-04-02 22:00:00,0,0,0.6019900497512438,1.0797558546066284,NORMAL,,,False,early_exit
2024-04-02 23:00:00,0,1,0.1044776119402985,3.611743211746216,REVIEW,,,False,full
2024-04-03 00:00:00,0,1,0.014925373134328358,6.745561599731445,ALERT,,,False,full
2024-04-03 01:00:00,0,0,0.6019900497512438,1.0797558546066284,NORMAL,,,False,early_exit
2024-04-03 02:00:00,0,1,0.0845771144278607,4.22397518157959,REVIEW,,,False,full
2024-04-03 03:00:00,0,0,0.6019900497512438,1.0797558546066284,NORMAL,,,False,early_exit
2024-04-03 04:00:00,0,0,0.5024875621890548,1.3880144357681274,NORMAL,,,False,full
2024-04-03 05:00:00,0,0,0.7014925373134329,0.8148743510246277,NORMAL,,,False,full
2024-04-03 06:00:00,0,0,0.6019900497512438,1.0797558546066284,NORMAL,,,False,early_exit
2024-04-03 07:00:00,0,0,0.6019900497512438,1.0797558546066284,NORMAL,,,False,early_exit
2024-04-03 08:00:00,0,0,0.4925373134328358,1.4189614057540894,NORMAL,,,False,full
2024-04-03 09:00:00,0,0,0.6019900497512438,1.0797558546066284,NORMAL,,,False,early_exit
2024-04-03 10:00:00,0,0,0.6019900497512438,1.0797558546066284,NORMAL,,,False,early_exit
2024-04-03 11:00:00,0,0,0.3880597014925373,1.866644263267517,NORMAL,,,False,full
2024-04-03 12:00:00,0,1,0.0945273631840796,3.9728782176971436,REVIEW,,,False,full
2024-04-03 13:00:00,0,0,0.6019900497512438,1.0797558546066284,NORMAL,,,False,early_exit
2024-04-03 14:00:00,0,0,0.6019900497512438,1.0797558546066284,NORMAL,,,False,early_exit
2024-04-03 15:00:00,0,0,0.6019900497512438,1.0797558546066284,NORMAL,,,False,early_exit
2024-04-03 16:00:00,0,0,0.6019900497512438,1.0797558546066284,NORMAL,,,False,early_exit
2024-04-03 17:00:00,0,0,0.6019900497512438,1.0797558546066284,NORMAL,,,False,early_exit
2024-04-03 18:00:00,0,0,0.6019900497512438,1.0797558546066284,NORMAL,,,False,early_exit
2024-04-03 19:00:00,0,0,0.6019900497512438,1.0797558546066284,NORMAL,,,False,early_exit
2024-04-03 20:00:00,0,0,0.5572139303482587,1.2437264919281006,NORMAL,,,False,full
2024-04-03 21:00:00,0,0,0.6019900497512438,1.0797558546066284,NORMAL,,,False,early_exit
2024-04-03 22:00:00,0,0,0.6019900497512438,1.0797558546066284,NORMAL,,,False,early_exit
2024-04-03 23:00:00,0,0,0.6019900497512438,1.0797558546066284,NORMAL,,,False,early_exit
2024-04-04 00:00:00,0,1,0.0845771144278607,4.202829360961914,REVIEW,,,False,full
2024-04-04 01:00:00,0,1,0.06965174129353234,4.863032817840576,REVIEW,,,False,full
2024-04-04 02:00:00,0,1,0.05472636815920398,5.190227031707764,REVIEW,,,False,full
2024-04-04 03:00:00,0,0,0.2736318407960199,2.266010046005249,NORMAL,,,False,full
2024-04-04 04:00:00,0,0,0.6019900497512438,1.0797558546066284,NORMAL,,,False,early_exit
2024-04-04 05:00:00,0,0,0.6019900497512438,1.0797558546066284,NORMAL,,,False,early_exit
2024-04-04 06:00:00,0,0,0.6019900497512438,1.0797558546066284,NORMAL,,,False,early_exit
2024-04-04 07:00:00,0,0,0.6019900497512438,1.0797558546066284,NORMAL,,,False,early_exit
2024-04-04 08:00:00,0,0,0.6019900497512438,1.0797558546066284,NORMAL,,,False,early_exit
2024-04-04 09:00:00,0,0,0.6019900497512438,1.0797558546066284,NORMAL,,,False,early_exit
2024-04-04 10:00:00,0,0,0.6019900497512438,1.0797558546066284,NORMAL,,,False,early_exit
2024-04-04 11:00:00,0,0,0.6019900497512438,1.0797558546066284,NORMAL,,,False,early_exit
2024-04-04 12:00:00,0,0,0.6019900497512438,1.0797558546066284,NORMAL,,,False,early_exit
2024-04-04 13:00:00,0,0,0.6019900497512438,1.0797558546066284,NORMAL,,,False,early_exit
2024-04-04 14:00:00,0,0,0.3582089552238806,2.0189290046691895,NORMAL,,,False,full
2024-04-04 15:00:00,0,0,0.6019900497512438,1.0797558546066284,NORMAL,2.2777809317770283,0.9840240875631574,False,early_exit
2024-04-04 16:00:00,0,0,0.6019900497512438,1.0797558546066284,NORMAL,2.3118160310141085,0.9867920722412626,False,early_exit
2024-04-04 17:00:00,0,0,0.6019900497512438,1.0797558546066284,RECALIBRATE,2.344946757337281,0.9894282481251727,False,early_exit
2024-04-04 18:00:00,0,0,0.6019900497512438,1.0797558546066284,RECALIBRATE,2.3772143255500437,0.9919418111772731,False,early_exit
2024-04-04 19:00:00,0,0,0.6019900497512438,1.0797558546066284,RECALIBRATE,2.4086574356713157,0.9943411213633689,False,early_exit
2024-04-04 20:00:00,0,0,0.6019900497512438,1.0797558546066284,RECALIBRATE,2.4393124548671263,0.9966337955411937,False,early_exit
2024-04-04 21:00:00,0,0,0.263681592039801,2.3304340839385986,RECALIBRATE,2.3789680458526012,0.9716381310736356,False,full
2024-04-04 22:00:00,0,0,0.6019900497512438,1.0797558546066284,RECALIBRATE,2.4085785674781954,0.9743162869947389,False,early_exit
2024-04-04 23:00:00,0,0,0.6019900497512438,1.0797558546066284,RECALIBRATE,2.4374939899586527,0.9768828530857961,False,early_exit
2024-04-05 00:00:00,0,1,0.014925373134328358,6.692520618438721,RECALIBRATE,2.4374939899586527,0.9768828530857961,False,full
2024-04-05 01:00:00,0,1,0.0845771144278607,4.257633209228516,RECALIBRATE,2.4374939899586527,0.9768828530857961,False,full
2024-04-05 02:00:00,0,0,0.6019900497512438,1.0797558546066284,RECALIBRATE,2.4657424869143876,0.9793446613772184,False,early_exit
2024-04-05 03:00:00,0,0,0.6019900497512438,1.0797558546066284,RECALIBRATE,2.4933506929565583,0.9817079973369839,False,early_exit
2024-04-05 04:00:00,0,0,0.6019900497512438,1.0797558546066284,RECALIBRATE,2.52034380429852,0.9839786534551898,False,early_exit
2024-04-05 05:00:00,0,0,0.6019900497512438,1.0797558546066284,RECALIBRATE,2.546745672253908,0.9861619766457725,False,early_exit
2024-04-05 06:00:00,0,0,0.6019900497512438,1.0797558546066284,RECALIBRATE,2.5725788900774886,0.9882629102819935,False,early_exit
2024-04-05 07:00:00,0,0,0.6019900497512438,1.0797558546066284,RECALIBRATE,2.59786487359771,0.9902860315613174,False,early_exit
2024-04-05 08:00:00,0,0,0.6019900497512438,1.0797558546066284,RECALIBRATE,2.6226239360753003,0.9922355847941207,False,early_exit
2024-04-05 09:00:00,0,0,0.6019900497512438,1.0797558546066284,RECALIBRATE,2.646875357702981,0.9941155111257522,False,early_exit
2024-04-05 10:00:00,0,0,0.6019900497512438,1.0797558546066284,RECALIBRATE,2.6706374501392665,0.9959294751299579,False,early_exit
2024-04-05 11:00:00,0,0,0.6019900497512438,1.0797558546066284,RECALIBRATE,2.6939276164458437,0.99768088865126,False,early_exit
2024-04-05 12:00:00,0,0,0.6019900497512438,1.0797558546066284,RECALIBRATE,2.7167624067740554,0.9993729322226876,False,early_exit
2024-04-05 13:00:00,0,0,0.6019900497512438,1.0797558546066284,RECALIBRATE,2.7391575701222894,1.0010085743417343,False,early_exit
2024-04-05 14:00:00,0,0,0.6019900497512438,1.0797558546066284,RECALIBRATE,2.761128102462998,1.0025905888503204,False,early_exit
2024-04-05 15:00:00,0,0,0.6019900497512438,1.0797558546066284,RECALIBRATE,2.7826882915159534,1.004121570632823,False,early_exit
2024-04-05 16:00:00,0,0,0.6019900497512438,1.0797558546066284,RECALIBRATE,2.803851758423402,1.0056039498190559,False,early_exit
2024-04-05 17:00:00,0,0,0.6019900497512438,1.0797558546066284,RECALIBRATE,2.824631496563025,1.0070400046557189,False,early_exit
2024-04-05 18:00:00,0,0,0.6019900497512438,1.0797558546066284,RECALIBRATE,2.8450399077161785,1.0084318731897153,False,early_exit
2024-04-05 19:00:00,0,0,0.6019900497512438,1.0797558546066284,RECALIBRATE,2.865088835791714,1.0097815638893484,False,early_exit
2024-04-05 20:00:00,0,0,0.8656716417910447,0.5031038522720337,RECALIBRATE,2.775238240722526,1.0024842190108638,False,full
2024-04-05 21:00:00,0,0,0.3681592039800995,1.9736486673355103,RECALIBRATE,2.7282868716505453,0.9907361958877131,False,full
2024-04-05 22:00:00,0,0,0.6019900497512438,1.0797558546066284,RECALIBRATE,2.7479588059713276,0.9922836634743475,False,early_exit
2024-04-05 23:00:00,0,0,0.6019900497512438,1.0797558546066284,RECALIBRATE,2.7673042461663493,0.9937869177013637,False,early_exit
2024-04-06 00:00:00,0,0,0.22388059701492538,2.6549339294433594,RECALIBRATE,2.5956409401188294,0.9730622200510454,False,full
2024-04-06 01:00:00,0,0,0.6019900497512438,1.0797558546066284,RECALIBRATE,2.6148439564818986,0.9747906817081905,False,early_exit
2024-04-06 02:00:00,0,0,0.23880597014925373,2.5771822929382324,RECALIBRATE,2.5271671781236096,0.9559590973153914,False,full
2024-04-06 03:00:00,0,0,0.6019900497512438,1.0797558546066284,RECALIBRATE,2.5460997572856305,0.9578719670728252,False,early_exit
2024-04-06 04:00:00,0,0,0.6019900497512438,1.0797558546066284,RECALIBRATE,2.5647365326827054,0.9597338269700607,False,early_exit
2024-04-06 05:00:00,0,0,0.845771144278607,0.5598368644714355,RECALIBRATE,2.5046681651941456,0.9547056512103269,False,full
2024-04-06 06:00:00,0,0,0.6019900497512438,1.0797558546066284,RECALIBRATE,2.52298897151351,0.9565602720954588,False,early_exit
2024-04-06 07:00:00,0,0,0.6019900497512438,1.0797558546066284,RECALIBRATE,2.5410344198502854,0.9583673385989208,False,early_exit
2024-04-06 08:00:00,0,0,0.6019900497512438,1.0797558546066284,RECALIBRATE,2.558811786237796,0.9601286565833077,False,early_exit
2024-04-06 09:00:00,0,0,0.6019900497512438,1.0797558546066284,RECALIBRATE,2.5763280824132497,0.961845941618085,False,early_exit
2024-04-06 10:00:00,0,0,0.6019900497512438,1.0797558546066284,RECALIBRATE,2.5935900676406662,0.9635208245532381,False,early_exit
2024-04-06 11:00:00,0,0,0.6019900497512438,1.0797558546066284,RECALIBRATE,2.6106042599303882,0.9651548566850948,False,early_exit
2024-04-06 12:00:00,0,0,0.6019900497512438,1.0797558546066284,RECALIBRATE,2.6273769466875274,0.966749514548714,False,early_exit
2024-04-06 13:00:00,0,0,0.6019900497512438,1.0797558546066284,RECALIBRATE,2.6439141948201406,0.9683062043679614,False,early_exit
2024-04-06 14:00:00,0,0,0.6019900497512438,1.0797558546066284,RECALIBRATE,2.660221860336428,0.9698262661914616,False,early_exit
2024-04-06 15:00:00,0,0,0.6019900497512438,1.0797558546066284,RECALIBRATE,2.676305597458745,0.971310977739997,False,early_exit
2024-04-06 16:00:00,0,0,0.6019900497512438,1.0797558546066284,RECALIBRATE,2.6921708672807605,0.9727615579885658,False,early_exit
2024-04-06 17:00:00,0,0,0.6019900497512438,1.0797558546066284,RECALIBRATE,2.707822945992702,0.9741791705042127,False,early_exit
2024-04-06 18:00:00,0,0,0.6019900497512438,1.0797558546066284,RECALIBRATE,2.7232669326982695,0.9755649265588334,False,early_exit
2024-04-06 19:00:00,0,0,0.6019900497512438,1.0797558546066284,RECALIBRATE,2.7385077568454967,0.976919888034463,False,early_exit
2024-04-06 20:00:00,0,0,0.6019900497512438,1.0797558546066284,RECALIBRATE,2.7535501852926165,0.9782450701370017,False,early_exit
2024-04-06 21:00:00,0,0,0.6019900497512438,1.0797558546066284,RECALIBRATE,2.7683988290287975,0.9795414439329635,False,early_exit
2024-04-06 22:00:00,0,0,0.6019900497512438,1.0797558546066284,RECALIBRATE,2.7830581495684843,0.9808099387225605,False,early_exit
2024-04-06 23:00:00,0,1,0.06965174129353234,4.463433265686035,RECALIBRATE,2.7830581495684843,0.9808099387225605,False,full
2024-04-07 00:00:00,0,1,0.08955223880597014,4.0907697677612305,RECALIBRATE,2.7830581495684843,0.9808099387225605,False,full
2024-04-07 01:00:00,0,0,0.6019900497512438,1.0797558546066284,RECALIBRATE,2.7975324650370403,0.9820514442613151,False,early_exit
2024-04-07 02:00:00,0,1,0.1044776119402985,3.6536614894866943,RECALIBRATE,2.7975324650370403,0.9820514442613151,False,full
2024-04-07 03:00:00,0,0,0.6019900497512438,1.0797558546066284,RECALIBRATE,2.8118259559643564,0.9832668128413591,False,early_exit
2024-04-07 04:00:00,0,0,0.6019900497512438,1.0797558546066284,RECALIBRATE,2.82594267080214,0.984456861242652,False,early_exit
2024-04-07 05:00:00,0,0,0.6766169154228856,0.8513102531433105,RECALIBRATE,2.7404097407636705,0.9832672632700697,False,full
2024-04-07 06:00:00,0,0,0.8208955223880597,0.5912433862686157,RECALIBRATE,2.6946148099880105,0.9794481992675944,False,full
2024-04-07 07:00:00,0,0,0.6019900497512438,1.0797558546066284,RECALIBRATE,2.7086091209279832,0.9806407574504014,False,early_exit
2024-04-07 08:00:00,0,0,0.6019900497512438,1.0797558546066284,RECALIBRATE,2.72243699475563,0.9818094644695523,False,early_exit
2024-04-07 09:00:00,0,0,0.6019900497512438,1.0797558546066284,RECALIBRATE,2.736101961555645,0.9829550287754526,False,early_exit
2024-04-07 10:00:00,0,0,0.6019900497512438,1.0797558546066284,RECALIBRATE,2.7496074470737226,0.9840781310361392,False,early_exit
2024-04-07 11:00:00,0,0,0.6019900497512438,1.0797558546066284,RECALIBRATE,2.762956776584375,0.9851794254859388,False,early_exit
2024-04-07 12:00:00,0,0,0.6019900497512438,1.0797558546066284,RECALIBRATE,2.7761531785902047,0.9862595411963191,False,early_exit
2024-04-07 13:00:00,0,0,0.6019900497512438,1.0797558546066284,RECALIBRATE,2.789199788360831,0.9873190832741204,False,early_exit
2024-04-07 14:00:00,0,0,0.6019900497512438,1.0797558546066284,RECALIBRATE,2.8020996513192387,0.9883586339919636,False,early_exit
2024-04-07 15:00:00,0,0,0.6019900497512438,1.0797558546066284,RECALIBRATE,2.8148557262829237,0.9893787538552674,False,early_exit
2024-04-07 16:00:00,0,0,0.6019900497512438,1.0797558546066284,RECALIBRATE,2.8274708885668427,0.9903799826099917,False,early_exit
2024-04-07 17:00:00,1,1,0.004975124378109453,13.599442481994629,RECALIBRATE,2.8274708885668427,0.9903799826099917,False,full
2024-04-07 18:00:00,0,0,0.6019900497512438,1.0797558546066284,RECALIBRATE,2.839947932954787,0.9913628401949046,False,early_exit
2024-04-07 19:00:00,0,0,0.6019900497512438,1.0797558546066284,RECALIBRATE,2.8522895765454948,0.9923278276419097,False,early_exit
2024-04-07 20:00:00,0,0,0.6019900497512438,1.0797558546066284,RECALIBRATE,2.8644984614794518,0.9932754279277078,False,early_exit
2024-04-07 21:00:00,0,0,0.6019900497512438,1.0797558546066284,RECALIBRATE,2.8765771575520667,0.9942061067798309,False,early_exit
2024-04-07 22:00:00,0,0,0.6019900497512438,1.0797558546066284,RECALIBRATE,2.888528164718573,0.9951203134398809,False,early_exit
2024-04-07 23:00:00,0,0,0.6019900497512438,1.0797558546066284,RECALIBRATE,2.900353915495767,0.9960184813865969,False,early_exit
2024-04-08 00:00:00,0,1,0.0945273631840796,3.9487154483795166,RECALIBRATE,2.900353915495767,0.9960184813865969,False,full
2024-04-08 01:00:00,0,1,0.06467661691542288,5.045138359069824,RECALIBRATE,2.900353915495767,0.9960184813865969,False,full
2024-04-08 02:00:00,0,0,0.6019900497512438,1.0797558546066284,RECALIBRATE,2.9120567772654082,0.9969010290211959,False,early_exit
2024-04-08 03:00:00,0,0,0.6019900497512438,1.0797558546066284,RECALIBRATE,2.9236390544838784,0.9977683603172676,False,early_exit
2024-04-08 04:00:00,0,0,0.6019900497512438,1.0797558546066284,RECALIBRATE,2.9351029908024353,0.9986208654373376,False,early_exit
2024-04-08 05:00:00,0,0,0.6019900497512438,1.0797558546066284,RECALIBRATE,2.946450771102218,0.9994589213180849,False,early_exit
2024-04-08 06:00:00,0,0,0.6019900497512438,1.0797558546066284,RECALIBRATE,2.957684523447895,1.0002828922260463,False,early_exit
2024-04-08 07:00:00,0,0,0.6019900497512438,1.0797558546066284,RECALIBRATE,2.9688063209637,1.0010931302855415,False,early_exit
2024-04-08 08:00:00,0,0,0.6019900497512438,1.0797558546066284,RECALIBRATE,2.9798181836353788,1.0018899759804167,False,early_exit
2024-04-08 09:00:00,0,0,0.6019900497512438,1.0797558546066284,RECALIBRATE,2.9907220800414036,1.002673758631114,False,early_exit
2024-04-08 10:00:00,0,0,0.6019900497512438,1.0797558546066284,RECALIBRATE,3.0015199290166494,1.0034447968484665,False,early_exit
2024-04-08 11:00:00,0,0,0.6019900497512438,1.0797558546066284,RECALIBRATE,3.012213601251544,1.0042033989655395,False,early_exit
2024-04-08 12:00:00,0,0,0.6019900497512438,1.0797558546066284,RECALIBRATE,3.0228049208295986,1.004949863448739,False,early_exit
2024-04-08 13:00:00,0,0,0.6019900497512438,1.0797558546066284,RECALIBRATE,3.0332956667060165,1.0056844792893482,False,early_exit
2024-04-08 14:00:00,0,0,0.6019900497512438,1.0797558546066284,RECALIBRATE,3.0436875741300096,1.006407526376562,False,early_exit
2024-04-08 15:00:00,0,0,0.6019900497512438,1.0797558546066284,RECALIBRATE,3.05398233601328,1.0071192758530378,False,early_exit
2024-04-08 16:00:00,0,0,0.6019900497512438,1.0797558546066284,RECALIBRATE,3.064181604247019,1.0078199904539096,False,early_exit
2024-04-08 17:00:00,0,0,0.6019900497512438,1.0797558546066284,RECALIBRATE,3.074286990969664,1.0085099248301526,False,early_exit
2024-04-08 18:00:00,0,0,0.6019900497512438,1.0797558546066284,RECALIBRATE,3.084300069787528,1.0091893258571398,False,early_exit
2024-04-08 19:00:00,0,0,0.6019900497512438,1.0797558546066284,RECALIBRATE,3.0942223769503445,1.0098584329291729,False,early_exit
2024-04-08 20:00:00,0,0,0.6019900497512438,1.0797558546066284,RECALIBRATE,3.1040554124836373,1.010517478240724,False,early_exit
2024-04-08 21:00:00,0,0,0.6019900497512438,1.0797558546066284,RECALIBRATE,3.1138006412797594,1.011166687055088,False,early_exit
2024-04-08 22:00:00,0,0,0.6019900497512438,1.0797558546066284,RECALIBRATE,3.1234594941493468,1.011806277961091,False,early_exit
2024-04-08 23:00:00,0,0,0.6019900497512438,1.0797558546066284,RECALIBRATE,3.133033368834843,1.0124364631184763,False,early_exit
2024-04-09 00:00:00,0,1,0.06965174129353234,4.7633233070373535,RECALIBRATE,3.133033368834843,1.0124364631184763,False,full
2024-04-09 01:00:00,0,1,0.029850746268656716,5.665224552154541,RECALIBRATE,3.133033368834843,1.0124364631184763,False,full
2024-04-09 02:00:00,0,0,0.6019900497512438,1.0797558546066284,RECALIBRATE,3.1425236309876925,1.0130574484925416,False,early_exit
2024-04-09 03:00:00,0,0,0.6019900497512438,1.0797558546066284,RECALIBRATE,3.1519316151107075,1.0136694340785777,False,early_exit
2024-04-09 04:00:00,0,0,0.3880597014925373,1.879038691520691,RECALIBRATE,3.106820217366194,1.0085223778798211,False,full
2024-04-09 05:00:00,0,0,0.6019900497512438,1.0797558546066284,RECALIBRATE,3.1161705750410924,1.0091580141761474,False,early_exit
2024-04-09 06:00:00,0,0,0.6318407960199005,0.9546357989311218,RECALIBRATE,3.058628234145507,1.0088972580734086,False,full
2024-04-09 07:00:00,0,0,0.6019900497512438,1.0797558546066284,RECALIBRATE,3.0679348773106976,1.0095213017444795,False,early_exit
2024-04-09 08:00:00,0,0,0.6019900497512438,1.0797558546066284,RECALIBRATE,3.0771634361221345,1.010136617532039,False,early_exit
2024-04-09 09:00:00,0,0,0.6019900497512438,1.0797558546066284,RECALIBRATE,3.086315103644405,1.0107433872669935,False,early_exit
2024-04-09 10:00:00,0,0,0.6019900497512438,1.0797558546066284,RECALIBRATE,3.0953910471193185,1.0113417877642246,False,early_exit
2024-04-09 11:00:00,0,0,0.6019900497512438,1.0797558546066284,RECALIBRATE,3.104392408679685,1.0119319909943703,False,early_exit
2024-04-09 12:00:00,0,1,0.06965174129353234,4.606515407562256,RECALIBRATE,3.104392408679685,1.0119319909943703,False,full
2024-04-09 13:00:00,0,1,0.0945273631840796,3.9335989952087402,RECALIBRATE,3.104392408679685,1.0119319909943703,False,full
2024-04-09 14:00:00,0,0,0.47761194029850745,1.4652161598205566,RECALIBRATE,3.0676101595733973,1.0098919853015622,False,full
2024-04-09 15:00:00,0,0,0.6019900497512438,1.0797558546066284,RECALIBRATE,3.076549958062053,1.0104840087749671,False,early_exit
2024-04-09 16:00:00,0,0,0.6019900497512438,1.0797558546066284,RECALIBRATE,3.0854177517242345,1.011068085624568,False,early_exit
2024-04-09 17:00:00,1,1,0.004975124378109453,10.974374771118164,RECALIBRATE,3.0854177517242345,1.011068085624568,False,full
2024-04-09 18:00:00,0,0,0.6019900497512438,1.0797558546066284,RECALIBRATE,3.094214596621112,1.0116443747828405,False,early_exit
2024-04-09 19:00:00,0,0,0.6019900497512438,1.0797558546066284,RECALIBRATE,3.094214596621112,1.0116443747828405,False,early_exit
2024-04-09 20:00:00,0,0,0.6019900497512438,1.0797558546066284,RECALIBRATE,3.094214596621112,1.0116443747828405,False,early_exit
2024-04-09 21:00:00,0,0,0.6019900497512438,1.0797558546066284,RECALIBRATE,3.1474596232274554,1.0151610536724331,False,early_exit
2024-04-09 22:00:00,0,0,0.6019900497512438,1.0797558546066284,RECALIBRATE,3.1474596232274554,1.0153167937745653,False,early_exit
2024-04-09 23:00:00,0,0,0.6019900497512438,1.0797558546066284,RECALIBRATE,3.1474596232274554,1.0153167937745653,False,early_exit
2024-04-10 00:00:00,0,1,0.08955223880597014,4.010643482208252,RECALIBRATE,3.1474596232274554,1.0153167937745653,False,full
2024-04-10 01:00:00,0,0,0.6019900497512438,1.0797558546066284,RECALIBRATE,3.1474596232274554,1.0153167937745653,False,early_exit
2024-04-10 02:00:00,0,0,0.6019900497512438,1.0797558546066284,RECALIBRATE,3.1474596232274554,1.0153167937745653,False,early_exit
2024-04-10 03:00:00,0,0,0.6019900497512438,1.0797558546066284,RECALIBRATE,3.1474596232274554,1.0153167937745653,False,early_exit
2024-04-10 04:00:00,0,0,0.6019900497512438,1.0797558546066284,RECALIBRATE,3.192974719085584,1.0173718509823086,False,early_exit
2024-04-10 05:00:00,0,0,0.6019900497512438,1.0797558546066284,RECALIBRATE,3.2588567076732677,1.019137727672855,False,early_exit
2024-04-10 06:00:00,0,0,0.6019900497512438,1.0797558546066284,RECALIBRATE,3.2588567076732677,1.019137727672855,False,early_exit
2024-04-10 07:00:00,0,0,0.6019900497512438,1.0797558546066284,RECALIBRATE,3.2588567076732677,1.019137727672855,False,early_exit
2024-04-10 08:00:00,0,0,0.6019900497512438,1.0797558546066284,RECALIBRATE,3.3122673097918347,1.0213990980138383,False,early_exit
2024-04-10 09:00:00,0,0,0.6019900497512438,1.0797558546066284,RECALIBRATE,3.3122673097918347,1.0213990980138383,False,early_exit
2024-04-10 10:00:00,0,0,0.6019900497512438,1.0797558546066284,RECALIBRATE,3.3122673097918347,1.0213990980138383,False,early_exit
2024-04-10 11:00:00,0,0,0.6019900497512438,1.0797558546066284,RECALIBRATE,3.37825831062291,1.0266450207382443,False,early_exit
2024-04-10 12:00:00,0,0,0.6019900497512438,1.0797558546066284,RECALIBRATE,3.37825831062291,1.0266450207382443,False,early_exit
2024-04-10 13:00:00,0,0,0.6019900497512438,1.0797558546066284,RECALIBRATE,3.37825831062291,1.0266450207382443,False,early_exit
2024-04-10 14:00:00,0,0,0.6019900497512438,1.0797558546066284,RECALIBRATE,3.37825831062291,1.0266450207382443,False,early_exit
2024-04-10 15:00:00,0,0,0.6019900497512438,1.0797558546066284,RECALIBRATE,3.37825831062291,1.0266450207382443,False,early_exit
2024-04-10 16:00:00,0,0,0.6019900497512438,1.0797558546066284,RECALIBRATE,3.37825831062291,1.0266450207382443,False,early_exit
2024-04-10 17:00:00,0,0,0.6019900497512438,1.0797558546066284,RECALIBRATE,3.37825831062291,1.0266450207382443,False,early_exit
2024-04-10 18:00:00,0,0,0.6019900497512438,1.0797558546066284,RECALIBRATE,3.37825831062291,1.0266450207382443,False,early_exit
2024-04-10 19:00:00,0,0,0.6019900497512438,1.0797558546066284,RECALIBRATE,3.37825831062291,1.0277381583203873,False,early_exit
2024-04-10 20:00:00,0,0,0.6019900497512438,1.0797558546066284,RECALIBRATE,3.37825831062291,1.0277381583203873,False,early_exit
2024-04-10 21:00:00,0,0,0.6019900497512438,1.0797558546066284,RECALIBRATE,3.37825831062291,1.0277381583203873,False,early_exit
2024-04-10 22:00:00,0,0,0.6019900497512438,1.0797558546066284,RECALIBRATE,3.37825831062291,1.0277381583203873,False,early_exit
2024-04-10 23:00:00,0,1,0.0945273631840796,3.880744457244873,RECALIBRATE,3.37825831062291,1.0277381583203873,False,full
2024-04-11 00:00:00,0,1,0.014925373134328358,6.5974650382995605,RECALIBRATE,3.37825831062291,1.0277381583203873,False,full
2024-04-11 01:00:00,0,1,0.07960199004975124,4.329948902130127,RECALIBRATE,3.37825831062291,1.0277381583203873,False,full
2024-04-11 02:00:00,0,0,0.6019900497512438,1.0797558546066284,RECALIBRATE,3.4317770312843128,1.035646519596378,False,early_exit
2024-04-11 03:00:00,0,0,0.6019900497512438,1.0797558546066284,RECALIBRATE,3.4317770312843128,1.035646519596378,False,early_exit
2024-04-11 04:00:00,0,0,0.6019900497512438,1.0797558546066284,RECALIBRATE,3.4317770312843128,1.035646519596378,False,early_exit
2024-04-11 05:00:00,0,0,0.7213930348258707,0.779925525188446,RECALIBRATE,3.3657321927900394,1.0336476507335903,False,full
2024-04-11 06:00:00,0,0,0.6019900497512438,1.0797558546066284,RECALIBRATE,3.3657321927900394,1.0336476507335903,False,early_exit
2024-04-11 07:00:00,0,0,0.6019900497512438,1.0797558546066284,RECALIBRATE,3.3657321927900394,1.0336476507335903,False,early_exit
2024-04-11 08:00:00,0,0,0.6019900497512438,1.0797558546066284,RECALIBRATE,3.3657321927900394,1.0336476507335903,False,early_exit
2024-04-11 09:00:00,0,0,0.47761194029850745,1.440001130104065,RECALIBRATE,3.2997411919589648,1.0312460155636074,False,full
2024-04-11 10:00:00,0,0,0.6019900497512438,1.0797558546066284,RECALIBRATE,3.2997411919589648,1.0312460155636074,False,early_exit
2024-04-11 11:00:00,0,0,0.6019900497512438,1.0797558546066284,RECALIBRATE,3.2997411919589648,1.0312460155636074,False,early_exit
2024-04-11 12:00:00,0,0,0.6019900497512438,1.0797558546066284,RECALIBRATE,3.2997411919589648,1.0312460155636074,False,early_exit
2024-04-11 13:00:00,0,0,0.6019900497512438,1.0797558546066284,RECALIBRATE,3.3657321927900394,1.0375071698973577,False,early_exit
2024-04-11 14:00:00,0,0,0.6019900497512438,1.0797558546066284,RECALIBRATE,3.3657321927900394,1.0375071698973577,False,early_exit
2024-04-11 15:00:00,0,0,0.6019900497512438,1.0797558546066284,RECALIBRATE,3.3657321927900394,1.0375071698973577,False,early_exit
2024-04-11 16:00:00,0,0,0.6019900497512438,1.0797558546066284,RECALIBRATE,3.3657321927900394,1.0375071698973577,False,early_exit
2024-04-11 17:00:00,0,0,0.6019900497512438,1.0797558546066284,RECALIBRATE,3.3657321927900394,1.0375071698973577,False,early_exit
2024-04-11 18:00:00,0,0,0.6019900497512438,1.0797558546066284,RECALIBRATE,3.3657321927900394,1.0375071698973577,False,early_exit
2024-04-11 19:00:00,0,0,0.6019900497512438,1.0797558546066284,RECALIBRATE,3.3657321927900394,1.0375071698973577,False,early_exit
2024-04-11 20:00:00,0,0,0.6019900497512438,1.0797558546066284,RECALIBRATE,3.4562427267067948,1.0458450247595708,False,early_exit
2024-04-11 21:00:00,0,0,0.6019900497512438,1.0797558546066284,RECALIBRATE,3.4562427267067948,1.0458450247595708,False,early_exit
2024-04-11 22:00:00,0,0,0.6019900497512438,1.0797558546066284,RECALIBRATE,3.4562427267067948,1.0458450247595708,False,early_exit
2024-04-11 23:00:00,0,1,0.08955223880597014,4.0716328620910645,RECALIBRATE,3.4562427267067948,1.0458450247595708,False,full
2024-04-12 00:00:00,0,1,0.014925373134328358,6.498545169830322,RECALIBRATE,3.4562427267067948,1.0458450247595708,False,full
2024-04-12 01:00:00,0,1,0.04975124378109453,5.203535556793213,RECALIBRATE,3.4562427267067948,1.0458450247595708,False,full
2024-04-12 02:00:00,0,1,0.07462686567164178,4.3660783767700195,RECALIBRATE,3.4562427267067948,1.0458450247595708,False,full
2024-04-12 03:00:00,0,0,0.6019900497512438,1.0797558546066284,RECALIBRATE,3.4562427267067948,1.0458450247595708,False,early_exit
2024-04-12 04:00:00,0,0,0.4427860696517413,1.6228960752487183,RECALIBRATE,3.4027240060453914,1.0422240899552904,False,full
2024-04-12 05:00:00,0,0,0.6019900497512438,1.0797558546066284,RECALIBRATE,3.4027240060453914,1.0422240899552904,False,early_exit
2024-04-12 06:00:00,0,0,0.7014925373134329,0.8157744407653809,RECALIBRATE,3.3492591230471866,1.0404642138630154,False,full
2024-04-12 07:00:00,0,0,0.6318407960199005,0.9804766774177551,RECALIBRATE,3.303634106531345,1.0398023526817561,False,full
2024-04-12 08:00:00,0,0,0.6019900497512438,1.0797558546066284,RECALIBRATE,3.303634106531345,1.0398023526817561,False,early_exit
2024-04-12 09:00:00,0,0,0.6019900497512438,1.0797558546066284,RECALIBRATE,3.303634106531345,1.0398023526817561,False,early_exit
2024-04-12 10:00:00,0,0,0.6019900497512438,1.0797558546066284,RECALIBRATE,3.303634106531345,1.0398023526817561,False,early_exit
2024-04-12 11:00:00,0,0,0.6019900497512438,1.0797558546066284,RECALIBRATE,3.303634106531345,1.0398023526817561,False,early_exit
2024-04-12 12:00:00,0,0,0.6019900497512438,1.0797558546066284,RECALIBRATE,3.303634106531345,1.0398023526817561,False,early_exit
2024-04-12 13:00:00,0,0,0.22885572139303484,2.638084888458252,RECALIBRATE,3.237752117943661,1.0294134924560787,False,full
2024-04-12 14:00:00,0,0,0.6019900497512438,1.0797558546066284,RECALIBRATE,3.237752117943661,1.0294134924560787,False,early_exit
2024-04-12 15:00:00,0,0,0.6019900497512438,1.0797558546066284,RECALIBRATE,3.237752117943661,1.0294134924560787,False,early_exit
2024-04-12 16:00:00,0,0,0.6019900497512438,1.0797558546066284,RECALIBRATE,3.237752117943661,1.0294134924560787,False,early_exit
2024-04-12 17:00:00,0,0,0.6019900497512438,1.0797558546066284,RECALIBRATE,3.237752117943661,1.0294134924560787,False,early_exit
2024-04-12 18:00:00,0,0,0.6019900497512438,1.0797558546066284,RECALIBRATE,3.237752117943661,1.0294134924560787,False,early_exit
2024-04-12 19:00:00,0,0,0.6019900497512438,1.0797558546066284,RECALIBRATE,3.237752117943661,1.0294134924560787,False,early_exit
2024-04-12 20:00:00,0,0,0.6019900497512438,1.0797558546066284,RECALIBRATE,3.237752117943661,1.0294134924560787,False,early_exit
2024-04-12 21:00:00,0,0,0.39800995024875624,1.8174735307693481,RECALIBRATE,3.258063821379256,1.0283397212972245,False,full
2024-04-12 22:00:00,0,0,0.6019900497512438,1.0797558546066284,RECALIBRATE,3.4266105392494652,1.034299006715417,False,early_exit
2024-04-12 23:00:00,0,0,0.6019900497512438,1.0797558546066284,RECALIBRATE,3.4266105392494652,1.034299006715417,False,early_exit
2024-04-13 00:00:00,0,0,0.6019900497512438,1.0797558546066284,RECALIBRATE,3.4266105392494652,1.034299006715417,False,early_exit
2024-04-13 01:00:00,0,0,0.6019900497512438,1.0797558546066284,RECALIBRATE,3.4925472592009026,1.0448001938809952,False,early_exit
2024-04-13 02:00:00,0,0,0.6019900497512438,1.0797558546066284,RECALIBRATE,3.4925472592009026,1.0448001938809952,False,early_exit
2024-04-13 03:00:00,0,0,0.6019900497512438,1.0797558546066284,RECALIBRATE,3.5830039554544593,1.0547830368032056,False,early_exit
2024-04-13 04:00:00,0,0,0.6019900497512438,1.0797558546066284,RECALIBRATE,3.5830039554544593,1.0547830368032056,False,early_exit
2024-04-13 05:00:00,0,0,0.6019900497512438,1.0797558546066284,RECALIBRATE,3.5830039554544593,1.0547830368032056,False,early_exit
2024-04-13 06:00:00,0,0,0.6019900497512438,1.0797558546066284,RECALIBRATE,3.6735144893712146,1.058249163404107,False,early_exit
2024-04-13 07:00:00,0,0,0.6019900497512438,1.0797558546066284,RECALIBRATE,3.6735144893712146,1.058249163404107,False,early_exit
2024-04-13 08:00:00,0,0,0.6019900497512438,1.0797558546066284,RECALIBRATE,3.6735144893712146,1.058249163404107,False,early_exit
2024-04-13 09:00:00,0,0,0.18407960199004975,2.9298970699310303,RECALIBRATE,3.5830039554544593,1.0459148886352778,False,full
2024-04-13 10:00:00,0,1,0.0945273631840796,3.8259150981903076,RECALIBRATE,3.5830039554544593,1.0459148886352778,False,full
2024-04-13 11:00:00,0,0,0.6019900497512438,1.0797558546066284,RECALIBRATE,3.5830039554544593,1.0459148886352778,False,early_exit
2024-04-13 12:00:00,0,0,0.6019900497512438,1.0797558546066284,RECALIBRATE,3.5830039554544593,1.0459148886352778,False,early_exit
2024-04-13 13:00:00,0,0,0.6019900497512438,1.0797558546066284,RECALIBRATE,3.5830039554544593,1.0459148886352778,False,early_exit
2024-04-13 14:00:00,0,0,0.6019900497512438,1.0797558546066284,RECALIBRATE,3.5830039554544593,1.0459148886352778,False,early_exit
2024-04-13 15:00:00,0,0,0.6019900497512438,1.0797558546066284,RECALIBRATE,3.5830039554544593,1.0459148886352778,False,early_exit
2024-04-13 16:00:00,0,0,0.6019900497512438,1.0797558546066284,RECALIBRATE,3.5830039554544593,1.0459148886352778,False,early_exit
2024-04-13 17:00:00,0,0,0.6019900497512438,1.0797558546066284,RECALIBRATE,3.5830039554544593,1.0459148886352778,False,early_exit
2024-04-13 18:00:00,0,0,0.6019900497512438,1.0797558546066284,RECALIBRATE,3.5830039554544593,1.0459148886352778,False,early_exit
2024-04-13 19:00:00,0,0,0.6019900497512438,1.0797558546066284,RECALIBRATE,3.5830039554544593,1.0459148886352778,False,early_exit
2024-04-13 20:00:00,0,0,0.6019900497512438,1.0797558546066284,RECALIBRATE,3.5830039554544593,1.0459148886352778,False,early_exit
2024-04-13 21:00:00,0,0,0.6019900497512438,1.0797558546066284,RECALIBRATE,3.5830039554544593,1.0459148886352778,False,early_exit
2024-04-13 22:00:00,0,0,0.11442786069651742,3.549588680267334,RECALIBRATE,3.414348225340859,1.0294493364642066,False,full
2024-04-13 23:00:00,0,0,0.6019900497512438,1.0797558546066284,RECALIBRATE,3.414348225340859,1.0294493364642066,False,early_exit
2024-04-14 00:00:00,0,1,0.04975124378109453,5.32839298248291,RECALIBRATE,3.414348225340859,1.0294493364642066,False,full
2024-04-14 01:00:00,0,1,0.0945273631840796,3.88962459564209,RECALIBRATE,3.414348225340859,1.0294493364642066,False,full
2024-04-14 02:00:00,0,0,0.6019900497512438,1.0797558546066284,RECALIBRATE,3.414348225340859,1.0294493364642066,False,early_exit
2024-04-14 03:00:00,0,0,0.6019900497512438,1.0797558546066284,RECALIBRATE,3.414348225340859,1.0294493364642066,False,early_exit
2024-04-14 04:00:00,0,0,0.4975124378109453,1.3985786437988281,RECALIBRATE,3.374112515179636,1.0273238512029252,False,full
2024-04-14 05:00:00,0,0,0.6019900497512438,1.0797558546066284,RECALIBRATE,3.374112515179636,1.0273238512029252,False,early_exit
2024-04-14 06:00:00,0,0,0.6019900497512438,1.0797558546066284,RECALIBRATE,3.4197375316954783,1.0288468218793472,False,early_exit
2024-04-14 07:00:00,0,0,0.6019900497512438,1.0797558546066284,RECALIBRATE,3.5883932618090784,1.0321035716682674,False,early_exit
2024-04-14 08:00:00,0,0,0.6019900497512438,1.0797558546066284,RECALIBRATE,3.5883932618090784,1.0321035716682674,False,early_exit
2024-04-14 09:00:00,0,0,0.6019900497512438,1.0797558546066284,RECALIBRATE,3.5883932618090784,1.0321035716682674,False,early_exit
2024-04-14 10:00:00,0,1,0.07960199004975124,4.325989723205566,RECALIBRATE,3.5883932618090784,1.0321035716682674,False,full
2024-04-14 11:00:00,0,0,0.6019900497512438,1.0797558546066284,RECALIBRATE,3.5883932618090784,1.0321035716682674,False,early_exit
2024-04-14 12:00:00,0,0,0.6019900497512438,1.0797558546066284,RECALIBRATE,3.5883932618090784,1.0321035716682674,False,early_exit
2024-04-14 13:00:00,0,0,0.6019900497512438,1.0797558546066284,RECALIBRATE,3.5883932618090784,1.0321035716682674,False,early_exit
2024-04-14 14:00:00,0,0,0.6019900497512438,1.0797558546066284,RECALIBRATE,3.5883932618090784,1.0321035716682674,False,early_exit
2024-04-14 15:00:00,0,0,0.6019900497512438,1.0797558546066284,RECALIBRATE,3.5883932618090784,1.0321035716682674,False,early_exit
2024-04-14 16:00:00,0,0,0.6019900497512438,1.0797558546066284,RECALIBRATE,3.5883932618090784,1.0321035716682674,False,early_exit
2024-04-14 17:00:00,0,0,0.6019900497512438,1.0797558546066284,RECALIBRATE,3.5883932618090784,1.0321035716682674,False,early_exit
2024-04-14 18:00:00,0,0,0.6019900497512438,1.0797558546066284,RECALIBRATE,3.5883932618090784,1.0321035716682674,False,early_exit
2024-04-14 19:00:00,0,0,0.6019900497512438,1.0797558546066284,RECALIBRATE,3.5883932618090784,1.0321035716682674,False,early_exit
2024-04-14 20:00:00,0,0,0.6019900497512438,1.0797558546066284,RECALIBRATE,3.5883932618090784,1.0321035716682674,False,early_exit
2024-04-14 21:00:00,0,0,0.21890547263681592,2.689485788345337,RECALIBRATE,3.522402260978004,1.021372038776676,False,full
2024-04-14 22:00:00,0,0,0.6019900497512438,1.0797558546066284,RECALIBRATE,3.522402260978004,1.021372038776676,False,early_exit
2024-04-14 23:00:00,0,1,0.06965174129353234,4.482217788696289,RECALIBRATE,3.522402260978004,1.021372038776676,False,full
2024-04-15 00:00:00,0,1,0.03482587064676617,5.455993175506592,RECALIBRATE,3.522402260978004,1.021372038776676,False,full
2024-04-15 01:00:00,0,0,0.6019900497512438,1.0797558546066284,RECALIBRATE,3.522402260978004,1.021372038776676,False,early_exit
2024-04-15 02:00:00,1,0,0.6019900497512438,1.0797558546066284,RECALIBRATE,3.522402260978004,1.021372038776676,False,early_exit
2024-04-15 03:00:00,1,0,0.6019900497512438,1.0797558546066284,RECALIBRATE,3.522402260978004,1.021372038776676,False,early_exit
2024-04-15 04:00:00,1,0,0.6019900497512438,1.0797558546066284,RECALIBRATE,3.522402260978004,1.021372038776676,False,early_exit
2024-04-15 05:00:00,0,0,0.4577114427860697,1.5689131021499634,RECALIBRATE,3.486163685565746,1.0181109904597205,False,full
2024-04-15 06:00:00,0,0,0.6019900497512438,1.0797558546066284,RECALIBRATE,3.486163685565746,1.0181109904597205,False,early_exit
2024-04-15 07:00:00,0,0,0.6019900497512438,1.0797558546066284,RECALIBRATE,3.486163685565746,1.0181109904597205,False,early_exit
2024-04-15 08:00:00,0,0,0.6019900497512438,1.0797558546066284,RECALIBRATE,3.486163685565746,1.0181109904597205,False,early_exit
2024-04-15 09:00:00,0,0,0.6019900497512438,1.0797558546066284,RECALIBRATE,3.486163685565746,1.0181109904597205,False,early_exit
2024-04-15 10:00:00,0,0,0.6019900497512438,1.0797558546066284,RECALIBRATE,3.486163685565746,1.0181109904597205,False,early_exit
2024-04-15 11:00:00,0,0,0.6019900497512438,1.0797558546066284,RECALIBRATE,3.486163685565746,1.0181109904597205,False,early_exit
2024-04-15 12:00:00,1,1,0.009950248756218905,7.178154468536377,RECALIBRATE,3.486163685565746,1.0181109904597205,False,full
2024-04-15 13:00:00,1,1,0.05970149253731343,5.168830871582031,RECALIBRATE,3.486163685565746,1.0181109904597205,False,full
2024-04-15 14:00:00,1,1,0.03482587064676617,5.56323766708374,RECALIBRATE,3.486163685565746,1.0181109904597205,False,full
2024-04-15 15:00:00,1,1,0.06965174129353234,4.801830291748047,RECALIBRATE,3.486163685565746,1.0181109904597205,False,full
2024-04-15 16:00:00,1,1,0.03482587064676617,5.5401763916015625,RECALIBRATE,3.486163685565746,1.0181109904597205,False,full
2024-04-15 17:00:00,1,1,0.06965174129353234,4.646064281463623,RECALIBRATE,3.486163685565746,1.0181109904597205,False,full
2024-04-15 18:00:00,1,0,0.24378109452736318,2.545649528503418,RECALIBRATE,3.4328078148109324,1.0083383659670753,False,full
2024-04-15 19:00:00,1,0,0.6019900497512438,1.0797558546066284,RECALIBRATE,3.4328078148109324,1.0083383659670753,False,early_exit
2024-04-15 20:00:00,1,0,0.5522388059701493,1.2658228874206543,RECALIBRATE,3.4328078148109324,1.0070979190816485,False,full
2024-04-15 21:00:00,0,0,0.6019900497512438,1.0797558546066284,RECALIBRATE,3.4328078148109324,1.0070979190816485,False,early_exit
2024-04-15 22:00:00,0,1,0.06965174129353234,4.921268939971924,RECALIBRATE,3.4328078148109324,1.0070979190816485,False,full
2024-04-15 23:00:00,0,1,0.01990049751243781,5.905728340148926,RECALIBRATE,3.4328078148109324,1.0070979190816485,False,full
2024-04-16 00:00:00,0,1,0.0945273631840796,3.8381879329681396,RECALIBRATE,3.4328078148109324,1.0070979190816485,False,full
2024-04-16 01:00:00,0,1,0.04477611940298507,5.390707492828369,RECALIBRATE,3.4328078148109324,1.0070979190816485,False,full
2024-04-16 02:00:00,0,1,0.04975124378109453,5.220884799957275,RECALIBRATE,3.4328078148109324,1.0070979190816485,False,full
2024-04-16 03:00:00,0,0,0.6019900497512438,1.0797558546066284,RECALIBRATE,3.4328078148109324,1.0070979190816485,False,early_exit
2024-04-16 04:00:00,0,0,0.6019900497512438,1.0797558546066284,RECALIBRATE,3.4328078148109324,1.0070979190816485,False,early_exit
2024-04-16 05:00:00,0,0,0.6019900497512438,1.0797558546066284,RECALIBRATE,3.4328078148109324,1.0070979190816485,False,early_exit
2024-04-16 06:00:00,0,0,0.6019900497512438,1.0797558546066284,RECALIBRATE,3.4328078148109324,1.0070979190816485,False,early_exit
2024-04-16 07:00:00,0,0,0.6019900497512438,1.0797558546066284,RECALIBRATE,3.4328078148109324,1.0070979190816485,False,early_exit
2024-04-16 08:00:00,1,0,0.5024875621890548,1.3840643167495728,RECALIBRATE,3.399789757261992,1.0050691960006954,False,full
2024-04-16 09:00:00,0,0,0.6019900497512438,1.0797558546066284,RECALIBRATE,3.399789757261992,1.0050691960006954,False,early_exit
2024-04-16 10:00:00,0,0,0.6019900497512438,1.0797558546066284,RECALIBRATE,3.399789757261992,1.0050691960006954,False,early_exit
2024-04-16 11:00:00,0,0,0.6019900497512438,1.0797558546066284,RECALIBRATE,3.399789757261992,1.0050691960006954,False,early_exit
2024-04-16 12:00:00,0,0,0.6019900497512438,1.0797558546066284,RECALIBRATE,3.399789757261992,1.0050691960006954,False,early_exit
2024-04-16 13:00:00,0,0,0.6019900497512438,1.0797558546066284,RECALIBRATE,3.399789757261992,1.0050691960006954,False,early_exit
2024-04-16 14:00:00,0,0,0.6019900497512438,1.0797558546066284,RECALIBRATE,3.4328078148109324,1.0103977482467892,False,early_exit
2024-04-16 15:00:00,0,0,0.6019900497512438,1.0797558546066284,RECALIBRATE,3.4328078148109324,1.0103977482467892,False,early_exit
2024-04-16 16:00:00,0,0,0.6019900497512438,1.0797558546066284,RECALIBRATE,3.486163685565746,1.0112318819512927,False,early_exit
2024-04-16 17:00:00,0,0,0.6019900497512438,1.0797558546066284,RECALIBRATE,3.486163685565746,1.0112318819512927,False,early_exit
2024-04-16 18:00:00,0,0,0.6019900497512438,1.0797558546066284,RECALIBRATE,3.486163685565746,1.0112318819512927,False,early_exit
2024-04-16 19:00:00,0,0,0.6019900497512438,1.0797558546066284,RECALIBRATE,3.486163685565746,1.0112318819512927,False,early_exit
2024-04-16 20:00:00,0,0,0.6019900497512438,1.0797558546066284,RECALIBRATE,3.486163685565746,1.0112318819512927,False,early_exit
2024-04-16 21:00:00,0,0,0.6019900497512438,1.0797558546066284,RECALIBRATE,3.486163685565746,1.0112318819512927,False,early_exit
2024-04-16 22:00:00,0,0,0.6019900497512438,1.0797558546066284,RECALIBRATE,3.5224022609780037,1.0138016173193853,False,early_exit
2024-04-16 23:00:00,0,0,0.6019900497512438,1.0797558546066284,RECALIBRATE,3.5224022609780037,1.0138016173193853,False,early_exit
2024-04-17 00:00:00,0,0,0.6019900497512438,1.0797558546066284,RECALIBRATE,3.5224022609780037,1.0138016173193853,False,early_exit
2024-04-17 01:00:00,0,1,0.09950248756218906,3.706143379211426,RECALIBRATE,3.5224022609780037,1.0138016173193853,False,full
2024-04-17 02:00:00,0,0,0.6019900497512438,1.0797558546066284,RECALIBRATE,3.5224022609780037,1.0138016173193853,False,early_exit
2024-04-17 03:00:00,0,0,0.14427860696517414,3.2457311153411865,RECALIBRATE,3.4767772444621614,0.9993617822478217,False,full
2024-04-17 04:00:00,0,0,0.6019900497512438,1.0797558546066284,RECALIBRATE,3.4767772444621614,0.9993617822478217,False,early_exit
2024-04-17 05:00:00,0,0,0.6019900497512438,1.0797558546066284,RECALIBRATE,3.4767772444621614,0.9993617822478217,False,early_exit
2024-04-17 06:00:00,0,0,0.6019900497512438,1.0797558546066284,RECALIBRATE,3.4767772444621614,0.9993617822478217,False,early_exit
2024-04-17 07:00:00,0,0,0.6019900497512438,1.0797558546066284,RECALIBRATE,3.4767772444621614,0.9993617822478217,False,early_exit
2024-04-17 08:00:00,0,0,0.6019900497512438,1.0797558546066284,RECALIBRATE,3.4767772444621614,0.9993617822478217,False,early_exit
2024-04-17 09:00:00,0,0,0.6019900497512438,1.0797558546066284,RECALIBRATE,3.4767772444621614,0.9993617822478217,False,early_exit
2024-04-17 10:00:00,0,0,0.6019900497512438,1.0797558546066284,RECALIBRATE,3.4767772444621614,0.9993617822478217,False,early_exit
2024-04-17 11:00:00,0,0,0.6019900497512438,1.0797558546066284,RECALIBRATE,3.4767772444621614,0.9993617822478217,False,early_exit
2024-04-17 12:00:00,0,0,0.6019900497512438,1.0797558546066284,RECALIBRATE,3.4767772444621614,0.9993617822478217,False,early_exit
2024-04-17 13:00:00,0,0,0.6019900497512438,1.0797558546066284,RECALIBRATE,3.4767772444621614,0.9993617822478217,False,early_exit
2024-04-17 14:00:00,0,0,0.6019900497512438,1.0797558546066284,RECALIBRATE,3.4767772444621614,0.9993617822478217,False,early_exit
2024-04-17 15:00:00,0,0,0.6019900497512438,1.0797558546066284,RECALIBRATE,3.4767772444621614,0.9993617822478217,False,early_exit
2024-04-17 16:00:00,0,0,0.6019900497512438,1.0797558546066284,RECALIBRATE,3.4767772444621614,0.9993617822478217,False,early_exit
2024-04-17 17:00:00,1,1,0.004975124378109453,14.526588439941406,RECALIBRATE,3.4767772444621614,0.9993617822478217,False,full
2024-04-17 18:00:00,0,0,0.6019900497512438,1.0797558546066284,RECALIBRATE,3.4767772444621614,0.9993617822478217,False,early_exit
2024-04-17 19:00:00,0,0,0.6019900497512438,1.0797558546066284,RECALIBRATE,3.4767772444621614,0.9993617822478217,False,early_exit
2024-04-17 20:00:00,0,0,0.6019900497512438,1.0797558546066284,RECALIBRATE,3.4767772444621614,0.9993617822478217,False,early_exit
2024-04-17 21:00:00,0,0,0.6019900497512438,1.0797558546066284,RECALIBRATE,3.4767772444621614,0.9993617822478217,False,early_exit
2024-04-17 22:00:00,0,0,0.6019900497512438,1.0797558546066284,RECALIBRATE,3.4767772444621614,0.9993617822478217,False,early_exit
2024-04-17 23:00:00,0,0,0.6019900497512438,1.0797558546066284,RECALIBRATE,3.4767772444621614,0.9993617822478217,False,early_exit
2024-04-18 00:00:00,0,0,0.6019900497512438,1.0797558546066284,RECALIBRATE,3.4767772444621614,0.9993617822478217,False,early_exit
2024-04-18 01:00:00,0,0,0.6019900497512438,1.0797558546066284,RECALIBRATE,3.4767772444621614,0.9993617822478217,False,early_exit
2024-04-18 02:00:00,0,0,0.6019900497512438,1.0797558546066284,RECALIBRATE,3.4767772444621614,0.9993617822478217,False,early_exit
2024-04-18 03:00:00,0,0,0.11442786069651742,3.4966282844543457,RECALIBRATE,3.386429560451996,0.9832492993821703,False,full
2024-04-18 04:00:00,0,0,0.6019900497512438,1.0797558546066284,RECALIBRATE,3.386429560451996,0.9832492993821703,False,early_exit
2024-04-18 05:00:00,0,0,0.6019900497512438,1.0797558546066284,RECALIBRATE,3.386429560451996,0.9832492993821703,False,early_exit
2024-04-18 06:00:00,0,0,0.6019900497512438,1.0797558546066284,RECALIBRATE,3.386429560451996,0.9832492993821703,False,early_exit
2024-04-18 07:00:00,0,0,0.6019900497512438,1.0797558546066284,RECALIBRATE,3.386429560451996,0.9832492993821703,False,early_exit
2024-04-18 08:00:00,0,0,0.6019900497512438,1.0797558546066284,RECALIBRATE,3.386429560451996,0.9832492993821703,False,early_exit
2024-04-18 09:00:00,0,0,0.6019900497512438,1.0797558546066284,RECALIBRATE,3.386429560451996,0.9832492993821703,False,early_exit
2024-04-18 10:00:00,0,0,0.6019900497512438,1.0797558546066284,RECALIBRATE,3.4523115490396794,0.9852481682449582,False,early_exit
2024-04-18 11:00:00,0,0,0.6019900497512438,1.0797558546066284,RECALIBRATE,3.4523115490396794,0.9852481682449582,False,early_exit
2024-04-18 12:00:00,0,0,0.6019900497512438,1.0797558546066284,RECALIBRATE,3.4523115490396794,0.9852481682449582,False,early_exit
2024-04-18 13:00:00,0,0,0.6019900497512438,1.0797558546066284,RECALIBRATE,3.4523115490396794,0.9852481682449582,False,early_exit
2024-04-18 14:00:00,0,0,0.6019900497512438,1.0797558546066284,RECALIBRATE,3.4925472592009026,0.9876498034149411,False,early_exit
2024-04-18 15:00:00,0,0,0.6019900497512438,1.0797558546066284,RECALIBRATE,3.4925472592009026,0.9876498034149411,False,early_exit
2024-04-18 16:00:00,0,0,0.6019900497512438,1.0797558546066284,RECALIBRATE,3.4925472592009026,0.9876498034149411,False,early_exit
2024-04-18 17:00:00,0,0,0.6019900497512438,1.0797558546066284,RECALIBRATE,3.4925472592009026,0.9876498034149411,False,early_exit
2024-04-18 18:00:00,0,0,0.6019900497512438,1.0797558546066284,RECALIBRATE,3.4925472592009026,0.9876498034149411,False,early_exit
2024-04-18 19:00:00,0,0,0.6019900497512438,1.0797558546066284,RECALIBRATE,3.4925472592009026,0.9876498034149411,False,early_exit
2024-04-18 20:00:00,0,0,0.6019900497512438,1.0797558546066284,RECALIBRATE,3.4925472592009026,0.9876498034149411,False,early_exit
2024-04-18 21:00:00,0,0,0.6019900497512438,1.0797558546066284,RECALIBRATE,3.4925472592009026,0.9876498034149411,False,early_exit
2024-04-18 22:00:00,0,0,0.6019900497512438,1.0797558546066284,RECALIBRATE,3.4925472592009026,0.9876498034149411,False,early_exit
2024-04-18 23:00:00,1,1,0.004975124378109453,14.896214485168457,RECALIBRATE,3.4925472592009026,0.9876498034149411,False,full
2024-04-19 00:00:00,0,1,0.0845771144278607,4.256370544433594,RECALIBRATE,3.4925472592009026,0.9876498034149411,False,full
2024-04-19 01:00:00,0,0,0.6019900497512438,1.0797558546066284,RECALIBRATE,3.4925472592009026,0.9876498034149411,False,early_exit
2024-04-19 02:00:00,0,0,0.6019900497512438,1.0797558546066284,RECALIBRATE,3.4925472592009026,0.9876498034149411,False,early_exit
2024-04-19 03:00:00,0,0,0.6019900497512438,1.0797558546066284,RECALIBRATE,3.4925472592009026,0.9876498034149411,False,early_exit
2024-04-19 04:00:00,0,0,0.6019900497512438,1.0797558546066284,RECALIBRATE,3.4925472592009026,0.9876498034149411,False,early_exit
2024-04-19 05:00:00,0,0,0.6019900497512438,1.0797558546066284,RECALIBRATE,3.4925472592009026,0.9876498034149411,False,early_exit
2024-04-19 06:00:00,0,0,0.6019900497512438,1.0797558546066284,RECALIBRATE,3.4925472592009026,0.9876498034149411,False,early_exit
2024-04-19 07:00:00,0,0,0.6019900497512438,1.0797558546066284,RECALIBRATE,3.538226556596382,0.9912707382192217,False,early_exit
2024-04-19 08:00:00,0,0,0.6019900497512438,1.0797558546066284,RECALIBRATE,3.538226556596382,0.9912707382192217,False,early_exit
2024-04-19 09:00:00,0,0,0.6019900497512438,1.0797558546066284,RECALIBRATE,3.6287370905131375,0.9930306143114966,False,early_exit
2024-04-19 10:00:00,0,0,0.6019900497512438,1.0797558546066284,RECALIBRATE,3.7975000598315662,0.9936924754927557,False,early_exit
2024-04-19 11:00:00,0,0,0.6019900497512438,1.0797558546066284,RECALIBRATE,3.7975000598315662,0.9936924754927557,False,early_exit
2024-04-19 12:00:00,0,0,0.6019900497512438,1.0797558546066284,RECALIBRATE,3.7975000598315662,0.9936924754927557,False,early_exit
2024-04-19 13:00:00,0,0,0.6019900497512438,1.0797558546066284,RECALIBRATE,3.7975000598315662,0.9936924754927557,False,early_exit
2024-04-19 14:00:00,0,0,0.6019900497512438,1.0797558546066284,RECALIBRATE,3.7975000598315662,0.9936924754927557,False,early_exit
2024-04-19 15:00:00,0,0,0.6019900497512438,1.0797558546066284,RECALIBRATE,3.7975000598315662,0.9936924754927557,False,early_exit
2024-04-19 16:00:00,0,0,0.6019900497512438,1.0797558546066284,RECALIBRATE,3.8433395687793963,1.0040813357184333,False,early_exit
2024-04-19 17:00:00,0,0,0.6019900497512438,1.0797558546066284,RECALIBRATE,3.8433395687793963,1.0040813357184333,False,early_exit
2024-04-19 18:00:00,0,0,0.6019900497512438,1.0797558546066284,RECALIBRATE,3.8433395687793963,1.0040813357184333,False,early_exit
2024-04-19 19:00:00,0,0,0.6019900497512438,1.0797558546066284,RECALIBRATE,3.8433395687793963,1.0040813357184333,False,early_exit
2024-04-19 20:00:00,0,0,0.6019900497512438,1.0797558546066284,RECALIBRATE,3.8433395687793963,1.0040813357184333,False,early_exit
2024-04-19 21:00:00,0,0,0.6019900497512438,1.0797558546066284,RECALIBRATE,3.8433395687793963,1.0040813357184333,False,early_exit
2024-04-19 22:00:00,1,0,0.46766169154228854,1.4943623542785645,RECALIBRATE,3.7975000598315662,1.001317292387287,False,full
2024-04-19 23:00:00,0,1,0.06965174129353234,4.836741924285889,RECALIBRATE,3.7975000598315662,1.001317292387287,False,full
2024-04-20 00:00:00,0,0,0.6019900497512438,1.0797558546066284,RECALIBRATE,3.7975000598315662,1.001317292387287,False,early_exit
2024-04-20 01:00:00,0,1,0.06965174129353234,4.437017917633057,RECALIBRATE,3.7975000598315662,1.001317292387287,False,full
2024-04-20 02:00:00,0,1,0.07462686567164178,4.355334281921387,RECALIBRATE,3.7975000598315662,1.001317292387287,False,full
2024-04-20 03:00:00,0,0,0.6019900497512438,1.0797558546066284,RECALIBRATE,3.8433395687793963,1.0062354102283717,False,early_exit
2024-04-20 04:00:00,0,0,0.6019900497512438,1.0797558546066284,RECALIBRATE,3.8433395687793963,1.0062354102283717,False,early_exit
2024-04-20 05:00:00,0,0,0.6019900497512438,1.0797558546066284,RECALIBRATE,3.8433395687793963,1.0062354102283717,False,early_exit
2024-04-20 06:00:00,0,0,0.6019900497512438,1.0797558546066284,RECALIBRATE,3.8433395687793963,1.0062354102283717,False,early_exit
2024-04-20 07:00:00,0,0,0.6019900497512438,1.0797558546066284,RECALIBRATE,3.8433395687793963,1.0062354102283717,False,early_exit
2024-04-20 08:00:00,0,0,0.6019900497512438,1.0797558546066284,RECALIBRATE,3.8433395687793963,1.0062354102283717,False,early_exit
2024-04-20 09:00:00,0,0,0.6019900497512438,1.0797558546066284,RECALIBRATE,3.8433395687793963,1.0062354102283717,False,early_exit
2024-04-20 10:00:00,0,0,0.6019900497512438,1.0797558546066284,RECALIBRATE,3.8433395687793963,1.0062354102283717,False,early_exit
2024-04-20 11:00:00,0,1,0.06965174129353234,4.534291744232178,RECALIBRATE,3.8433395687793963,1.0062354102283717,False,full
2024-04-20 12:00:00,1,1,0.004975124378109453,30.174880981445312,RECALIBRATE,3.8433395687793963,1.0062354102283717,False,full
2024-04-20 13:00:00,0,0,0.6019900497512438,1.0797558546066284,RECALIBRATE,3.8433395687793963,1.0062354102283717,False,early_exit
2024-04-20 14:00:00,0,0,0.6019900497512438,1.0797558546066284,RECALIBRATE,3.8433395687793963,1.0062354102283717,False,early_exit
2024-04-20 15:00:00,0,0,0.6019900497512438,1.0797558546066284,RECALIBRATE,3.8433395687793963,1.0062354102283717,False,early_exit
2024-04-20 16:00:00,0,0,0.6019900497512438,1.0797558546066284,RECALIBRATE,3.8433395687793963,1.0062354102283717,False,early_exit
2024-04-20 17:00:00,0,0,0.6019900497512438,1.0797558546066284,RECALIBRATE,3.8970172132485983,1.018569684997201,False,early_exit
2024-04-20 18:00:00,0,0,0.6019900497512438,1.0797558546066284,RECALIBRATE,3.8970172132485983,1.018569684997201,False,early_exit
2024-04-20 19:00:00,0,0,0.6019900497512438,1.0797558546066284,RECALIBRATE,3.8970172132485983,1.018569684997201,False,early_exit
2024-04-20 20:00:00,0,0,0.6019900497512438,1.0797558546066284,RECALIBRATE,3.8970172132485983,1.018569684997201,False,early_exit
2024-04-20 21:00:00,0,0,0.6019900497512438,1.0797558546066284,RECALIBRATE,3.8970172132485983,1.018569684997201,False,early_exit
2024-04-20 22:00:00,0,0,0.6019900497512438,1.0797558546066284,RECALIBRATE,3.8970172132485983,1.018569684997201,False,early_exit
2024-04-20 23:00:00,0,0,0.14427860696517414,3.251116991043091,RECALIBRATE,3.8433395687793963,1.0040939440876246,False,full
2024-04-21 00:00:00,0,0,0.6019900497512438,1.0797558546066284,RECALIBRATE,3.8433395687793963,1.0040939440876246,False,early_exit
2024-04-21 01:00:00,0,0,0.6019900497512438,1.0797558546066284,RECALIBRATE,3.8433395687793963,1.0040939440876246,False,early_exit
2024-04-21 02:00:00,0,0,0.6019900497512438,1.0797558546066284,RECALIBRATE,3.8433395687793963,1.0040939440876246,False,early_exit
2024-04-21 03:00:00,0,0,0.6019900497512438,1.0797558546066284,RECALIBRATE,3.8433395687793963,1.0040939440876246,False,early_exit
2024-04-21 04:00:00,0,0,0.6019900497512438,1.0797558546066284,RECALIBRATE,3.8433395687793963,1.0040939440876246,False,early_exit
2024-04-21 05:00:00,0,0,0.6019900497512438,1.0797558546066284,RECALIBRATE,3.9340090265039502,1.0205594962586961,False,early_exit
2024-04-21 06:00:00,0,0,0.6019900497512438,1.0797558546066284,RECALIBRATE,3.9340090265039502,1.0205594962586961,False,early_exit
2024-04-21 07:00:00,0,0,0.6019900497512438,1.0797558546066284,RECALIBRATE,3.9340090265039502,1.0205594962586961,False,early_exit
2024-04-21 08:00:00,0,0,0.6019900497512438,1.0797558546066284,RECALIBRATE,3.9340090265039502,1.0205594962586961,False,early_exit
2024-04-21 09:00:00,0,0,0.6019900497512438,1.0797558546066284,RECALIBRATE,3.987738805070921,1.0226849815199772,False,early_exit
2024-04-21 10:00:00,0,0,0.6019900497512438,1.0797558546066284,RECALIBRATE,3.987738805070921,1.0226849815199772,False,early_exit
2024-04-21 11:00:00,0,0,0.6019900497512438,1.0797558546066284,RECALIBRATE,3.987738805070921,1.0226849815199772,False,early_exit
2024-04-21 12:00:00,0,0,0.6019900497512438,1.0797558546066284,RECALIBRATE,3.987738805070921,1.0226849815199772,False,early_exit
2024-04-21 13:00:00,0,0,0.6019900497512438,1.0797558546066284,RECALIBRATE,3.987738805070921,1.0226849815199772,False,early_exit
2024-04-21 14:00:00,0,0,0.6019900497512438,1.0797558546066284,RECALIBRATE,3.987738805070921,1.0226849815199772,False,early_exit
2024-04-21 15:00:00,0,0,0.6019900497512438,1.0797558546066284,RECALIBRATE,3.987738805070921,1.0226849815199772,False,early_exit
2024-04-21 16:00:00,0,0,0.6019900497512438,1.0797558546066284,RECALIBRATE,3.987738805070921,1.0226849815199772,False,early_exit
2024-04-21 17:00:00,0,0,0.6019900497512438,1.0797558546066284,RECALIBRATE,3.987738805070921,1.0226849815199772,False,early_exit
2024-04-21 18:00:00,0,0,0.6019900497512438,1.0797558546066284,RECALIBRATE,3.987738805070921,1.0226849815199772,False,early_exit
2024-04-21 19:00:00,0,0,0.6019900497512438,1.0797558546066284,RECALIBRATE,3.987738805070921,1.0226849815199772,False,early_exit
2024-04-21 20:00:00,0,0,0.6019900497512438,1.0797558546066284,RECALIBRATE,3.987738805070921,1.0226849815199772,False,early_exit
2024-04-21 21:00:00,0,0,0.6019900497512438,1.0797558546066284,RECALIBRATE,3.987738805070921,1.0226849815199772,False,early_exit
2024-04-21 22:00:00,0,0,0.6019900497512438,1.0797558546066284,RECALIBRATE,3.987738805070921,1.0226849815199772,False,early_exit
2024-04-21 23:00:00,0,1,0.01990049751243781,5.843906402587891,RECALIBRATE,3.987738805070921,1.0226849815199772,False,full
2024-04-22 00:00:00,0,1,0.04975124378109453,5.271681308746338,RECALIBRATE,3.987738805070921,1.0226849815199772,False,full
2024-04-22 01:00:00,0,1,0.06965174129353234,4.578371524810791,RECALIBRATE,3.987738805070921,1.0226849815199772,False,full
2024-04-22 02:00:00,0,1,0.05970149253731343,5.116382122039795,RECALIBRATE,3.987738805070921,1.0226849815199772,False,full
2024-04-22 03:00:00,0,0,0.6019900497512438,1.0797558546066284,RECALIBRATE,3.987738805070921,1.0226849815199772,False,early_exit
2024-04-22 04:00:00,0,0,0.6019900497512438,1.0797558546066284,RECALIBRATE,3.987738805070921,1.0226849815199772,False,early_exit
2024-04-22 05:00:00,0,0,0.6019900497512438,1.0797558546066284,RECALIBRATE,4.041520308370335,1.0334165144115688,False,early_exit
2024-04-22 06:00:00,0,0,0.6019900497512438,1.0797558546066284,RECALIBRATE,4.041520308370335,1.0334165144115688,False,early_exit
2024-04-22 07:00:00,0,0,0.6119402985074627,1.0339347124099731,RECALIBRATE,4.041520308370335,1.0331110401302577,False,full
2024-04-22 08:00:00,0,0,0.6019900497512438,1.0797558546066284,RECALIBRATE,4.041520308370335,1.0331110401302577,False,early_exit
2024-04-22 09:00:00,0,0,0.6019900497512438,1.0797558546066284,RECALIBRATE,4.041520308370335,1.0331110401302577,False,early_exit
2024-04-22 10:00:00,0,0,0.6019900497512438,1.0797558546066284,RECALIBRATE,4.041520308370335,1.0331110401302577,False,early_exit
2024-04-22 11:00:00,0,0,0.6019900497512438,1.0797558546066284,RECALIBRATE,4.107879251177473,1.0363720884472132,False,early_exit
2024-04-22 12:00:00,0,0,0.6019900497512438,1.0797558546066284,RECALIBRATE,4.107879251177473,1.0363720884472132,False,early_exit
2024-04-22 13:00:00,0,0,0.6019900497512438,1.0797558546066284,RECALIBRATE,4.107879251177473,1.0363720884472132,False,early_exit
2024-04-22 14:00:00,0,0,0.6019900497512438,1.0797558546066284,RECALIBRATE,4.107879251177473,1.0363720884472132,False,early_exit
2024-04-22 15:00:00,0,0,0.6019900497512438,1.0797558546066284,RECALIBRATE,4.107879251177473,1.0363720884472132,False,early_exit
2024-04-22 16:00:00,0,0,0.6019900497512438,1.0797558546066284,RECALIBRATE,4.107879251177473,1.0363720884472132,False,early_exit
2024-04-22 17:00:00,0,0,0.6019900497512438,1.0797558546066284,RECALIBRATE,4.107879251177473,1.0363720884472132,False,early_exit
2024-04-22 18:00:00,0,0,0.6019900497512438,1.0797558546066284,RECALIBRATE,4.174289118766231,1.0461447129398584,False,early_exit
2024-04-22 19:00:00,0,0,0.6019900497512438,1.0797558546066284,RECALIBRATE,4.174289118766231,1.0461447129398584,False,early_exit
2024-04-22 20:00:00,0,0,0.6019900497512438,1.0797558546066284,RECALIBRATE,4.174289118766231,1.0473851598252852,False,early_exit
2024-04-22 21:00:00,0,0,0.6019900497512438,1.0946224927902222,RECALIBRATE,4.174289118766231,1.0472860489040614,False,full
2024-04-22 22:00:00,0,1,0.1044776119402985,3.644458770751953,RECALIBRATE,4.174289118766231,1.0472860489040614,False,full
2024-04-22 23:00:00,0,0,0.6019900497512438,1.0797558546066284,RECALIBRATE,4.174289118766231,1.0472860489040614,False,early_exit
2024-04-23 00:00:00,0,0,0.6019900497512438,1.0797558546066284,RECALIBRATE,4.174289118766231,1.0472860489040614,False,early_exit
2024-04-23 01:00:00,0,1,0.03980099502487562,5.436611652374268,RECALIBRATE,4.174289118766231,1.0472860489040614,False,full
2024-04-23 02:00:00,0,0,0.11940298507462686,3.4012019634246826,RECALIBRATE,4.083413555754991,1.031809741511941,False,full
2024-04-23 03:00:00,0,0,0.15920398009950248,3.1763808727264404,RECALIBRATE,4.017054612947852,1.0178322413911423,False,full
2024-04-23 04:00:00,0,0,0.4925373134328358,1.420180320739746,RECALIBRATE,3.950746991815569,1.0155627449502551,False,full
2024-04-23 05:00:00,0,0,0.6019900497512438,1.0797558546066284,RECALIBRATE,4.017054612947852,1.017591468031208,False,early_exit
2024-04-23 06:00:00,0,0,0.6019900497512438,1.0797558546066284,RECALIBRATE,4.017054612947852,1.017591468031208,False,early_exit
2024-04-23 07:00:00,0,0,0.6019900497512438,1.0797558546066284,RECALIBRATE,4.017054612947852,1.017591468031208,False,early_exit
2024-04-23 08:00:00,0,0,0.6019900497512438,1.0797558546066284,RECALIBRATE,4.017054612947852,1.017591468031208,False,early_exit
2024-04-23 09:00:00,0,0,0.6019900497512438,1.0797558546066284,RECALIBRATE,4.017054612947852,1.017591468031208,False,early_exit
2024-04-23 10:00:00,0,0,0.4577114427860697,1.5570474863052368,RECALIBRATE,3.950746991815569,1.0144095238198838,False,full
2024-04-23 11:00:00,0,1,0.08955223880597014,4.046143054962158,RECALIBRATE,3.950746991815569,1.0144095238198838,False,full
2024-04-23 12:00:00,0,0,0.6019900497512438,1.0797558546066284,RECALIBRATE,3.950746991815569,1.0144095238198838,False,early_exit
2024-04-23 13:00:00,0,0,0.6019900497512438,1.0797558546066284,RECALIBRATE,3.950746991815569,1.0144095238198838,False,early_exit
2024-04-23 14:00:00,0,0,0.6019900497512438,1.0797558546066284,RECALIBRATE,3.950746991815569,1.0144095238198838,False,early_exit
2024-04-23 15:00:00,0,0,0.6019900497512438,1.0797558546066284,RECALIBRATE,3.950746991815569,1.0144095238198838,False,early_exit
2024-04-23 16:00:00,0,0,0.6019900497512438,1.0797558546066284,RECALIBRATE,3.950746991815569,1.0144095238198838,False,early_exit
2024-04-23 17:00:00,0,0,0.6019900497512438,1.0797558546066284,RECALIBRATE,3.950746991815569,1.0144095238198838,False,early_exit
2024-04-23 18:00:00,0,0,0.6019900497512438,1.0797558546066284,RECALIBRATE,3.950746991815569,1.0144095238198838,False,early_exit
2024-04-23 19:00:00,0,0,0.6019900497512438,1.0797558546066284,RECALIBRATE,3.950746991815569,1.0144095238198838,False,early_exit
2024-04-23 20:00:00,0,0,0.6019900497512438,1.0797558546066284,RECALIBRATE,3.950746991815569,1.0144095238198838,False,early_exit
2024-04-23 21:00:00,0,0,0.6019900497512438,1.0797558546066284,RECALIBRATE,3.950746991815569,1.0144095238198838,False,early_exit
2024-04-23 22:00:00,0,0,0.6019900497512438,1.0797558546066284,RECALIBRATE,3.950746991815569,1.0144095238198838,False,early_exit
2024-04-23 23:00:00,0,1,0.09950248756218906,3.699169874191284,RECALIBRATE,3.950746991815569,1.0144095238198838,False,full
2024-04-24 00:00:00,0,1,0.06965174129353234,4.450481414794922,RECALIBRATE,3.950746991815569,1.0144095238198838,False,full
2024-04-24 01:00:00,0,0,0.6019900497512438,1.0797558546066284,RECALIBRATE,3.950746991815569,1.0144095238198838,False,early_exit
2024-04-24 02:00:00,0,0,0.6019900497512438,1.0797558546066284,RECALIBRATE,4.017054612947853,1.0288493588914476,False,early_exit
2024-04-24 03:00:00,0,0,0.6019900497512438,1.0797558546066284,RECALIBRATE,4.017054612947853,1.0288493588914476,False,early_exit
2024-04-24 04:00:00,0,0,0.6019900497512438,1.0797558546066284,RECALIBRATE,4.017054612947853,1.0288493588914476,False,early_exit
2024-04-24 05:00:00,0,0,0.6019900497512438,1.0797558546066284,RECALIBRATE,4.017054612947853,1.0288493588914476,False,early_exit
2024-04-24 06:00:00,0,0,0.6019900497512438,1.0797558546066284,RECALIBRATE,4.017054612947853,1.0288493588914476,False,early_exit
2024-04-24 07:00:00,0,0,0.6019900497512438,1.0797558546066284,RECALIBRATE,4.017054612947853,1.0288493588914476,False,early_exit
2024-04-24 08:00:00,0,0,0.6019900497512438,1.0797558546066284,RECALIBRATE,4.017054612947853,1.0288493588914476,False,early_exit
2024-04-24 09:00:00,0,0,0.6019900497512438,1.0797558546066284,RECALIBRATE,4.017054612947853,1.0288493588914476,False,early_exit
2024-04-24 10:00:00,0,0,0.6019900497512438,1.0797558546066284,RECALIBRATE,4.017054612947853,1.0288493588914476,False,early_exit
2024-04-24 11:00:00,0,0,0.6019900497512438,1.0797558546066284,RECALIBRATE,4.017054612947853,1.0288493588914476,False,early_exit
2024-04-24 12:00:00,0,0,0.12437810945273632,3.3608288764953613,RECALIBRATE,3.950746991815569,1.0136422054121894,False,full
2024-04-24 13:00:00,0,0,0.6019900497512438,1.0797558546066284,RECALIBRATE,3.950746991815569,1.0136422054121894,False,early_exit
2024-04-24 14:00:00,0,0,0.6019900497512438,1.0797558546066284,RECALIBRATE,3.950746991815569,1.0136422054121894,False,early_exit
2024-04-24 15:00:00,0,0,0.6019900497512438,1.0797558546066284,RECALIBRATE,3.950746991815569,1.0136422054121894,False,early_exit
2024-04-24 16:00:00,0,0,0.6019900497512438,1.0797558546066284,RECALIBRATE,3.950746991815569,1.0136422054121894,False,early_exit
2024-04-24 17:00:00,0,0,0.7263681592039801,0.7704370617866516,RECALIBRATE,3.781826366133203,1.011580080126723,False,full
2024-04-24 18:00:00,0,0,0.6019900497512438,1.0797558546066284,RECALIBRATE,3.781826366133203,1.011580080126723,False,early_exit
2024-04-24 19:00:00,0,0,0.6019900497512438,1.0797558546066284,RECALIBRATE,3.781826366133203,1.011580080126723,False,early_exit
2024-04-24 20:00:00,0,0,0.6019900497512438,1.0797558546066284,RECALIBRATE,3.781826366133203,1.011580080126723,False,early_exit
2024-04-24 21:00:00,0,0,0.6019900497512438,1.0797558546066284,RECALIBRATE,3.781826366133203,1.011580080126723,False,early_exit
2024-04-24 22:00:00,0,1,0.1044776119402985,3.6174519062042236,RECALIBRATE,3.781826366133203,1.011580080126723,False,full
2024-04-24 23:00:00,0,0,0.6019900497512438,1.0797558546066284,RECALIBRATE,3.781826366133203,1.011580080126723,False,early_exit
2024-04-25 00:00:00,0,1,0.05970149253731343,5.058938026428223,RECALIBRATE,3.781826366133203,1.011580080126723,False,full
2024-04-25 01:00:00,0,1,0.01990049751243781,5.700253486633301,RECALIBRATE,3.781826366133203,1.011580080126723,False,full
2024-04-25 02:00:00,0,0,0.21393034825870647,2.7219667434692383,RECALIBRATE,3.7156226038311306,1.0006320075343054,False,full
2024-04-25 03:00:00,0,0,0.6019900497512438,1.0797558546066284,RECALIBRATE,3.7156226038311306,1.0006320075343054,False,early_exit
2024-04-25 04:00:00,0,0,0.6019900497512438,1.0797558546066284,RECALIBRATE,3.781826366133203,1.016744490399957,False,early_exit
2024-04-25 05:00:00,0,0,0.6019900497512438,1.0797558546066284,RECALIBRATE,3.781826366133203,1.016744490399957,False,early_exit
2024-04-25 06:00:00,0,0,0.9253731343283582,0.3863709270954132,RECALIBRATE,3.612957874548605,1.012121924216549,False,full
2024-04-25 07:00:00,0,0,0.6019900497512438,1.0797558546066284,RECALIBRATE,3.612957874548605,1.012121924216549,False,early_exit
2024-04-25 08:00:00,0,0,0.6318407960199005,0.9455224275588989,RECALIBRATE,3.5223409667426977,1.0112270347028973,False,full
2024-04-25 09:00:00,0,0,0.6019900497512438,1.0797558546066284,RECALIBRATE,3.5223409667426977,1.0112270347028973,False,early_exit
2024-04-25 10:00:00,0,0,0.6019900497512438,1.0797558546066284,RECALIBRATE,3.5223409667426977,1.0112270347028973,False,early_exit
2024-04-25 11:00:00,0,0,0.6019900497512438,1.0797558546066284,RECALIBRATE,3.5223409667426977,1.0112270347028973,False,early_exit
2024-04-25 12:00:00,0,0,0.6019900497512438,1.0797558546066284,RECALIBRATE,3.5223409667426977,1.0112270347028973,False,early_exit
2024-04-25 13:00:00,0,0,0.6019900497512438,1.0797558546066284,RECALIBRATE,3.5223409667426977,1.0112270347028973,False,early_exit
2024-04-25 14:00:00,0,0,0.6019900497512438,1.0797558546066284,RECALIBRATE,3.5223409667426977,1.0112270347028973,False,early_exit
2024-04-25 15:00:00,0,0,0.6019900497512438,1.0797558546066284,RECALIBRATE,3.5223409667426977,1.0112270347028973,False,early_exit
2024-04-25 16:00:00,0,0,0.6019900497512438,1.0797558546066284,RECALIBRATE,3.5223409667426977,1.0112270347028973,False,early_exit
2024-04-25 17:00:00,0,0,0.6019900497512438,1.0797558546066284,RECALIBRATE,3.5223409667426977,1.0112270347028973,False,early_exit
2024-04-25 18:00:00,0,0,0.6019900497512438,1.0797558546066284,RECALIBRATE,3.5223409667426977,1.0112270347028973,False,early_exit
2024-04-25 19:00:00,0,0,0.6019900497512438,1.0797558546066284,RECALIBRATE,3.5223409667426977,1.0112270347028973,False,early_exit
2024-04-25 20:00:00,0,0,0.6019900497512438,1.0797558546066284,RECALIBRATE,3.5223409667426977,1.0112270347028973,False,early_exit
2024-04-25 21:00:00,0,0,0.6019900497512438,1.0797558546066284,RECALIBRATE,3.5223409667426977,1.0112270347028973,False,early_exit
2024-04-25 22:00:00,0,1,0.1044776119402985,3.660398006439209,RECALIBRATE,3.5223409667426977,1.0112270347028973,False,full
2024-04-25 23:00:00,0,1,0.06965174129353234,4.440232276916504,RECALIBRATE,3.5223409667426977,1.0112270347028973,False,full
2024-04-26 00:00:00,0,1,0.01990049751243781,5.75909423828125,RECALIBRATE,3.5223409667426977,1.0112270347028973,False,full
2024-04-26 01:00:00,0,1,0.06965174129353234,4.796838760375977,RECALIBRATE,3.5223409667426977,1.0112270347028973,False,full
2024-04-26 02:00:00,0,1,0.07960199004975124,4.343505382537842,RECALIBRATE,3.5223409667426977,1.0112270347028973,False,full
2024-04-26 03:00:00,0,0,0.6019900497512438,1.0797558546066284,RECALIBRATE,3.5223409667426977,1.0112270347028973,False,early_exit
2024-04-26 04:00:00,0,0,0.6019900497512438,1.0797558546066284,RECALIBRATE,3.5223409667426977,1.0112270347028973,False,early_exit
2024-04-26 05:00:00,0,0,0.7313432835820896,0.7643214464187622,RECALIBRATE,3.4562427267067948,1.0091241386483114,False,full
2024-04-26 06:00:00,0,0,0.6019900497512438,1.0797558546066284,RECALIBRATE,3.4562427267067948,1.0091241386483114,False,early_exit
2024-04-26 07:00:00,0,0,0.6019900497512438,1.0797558546066284,RECALIBRATE,3.4562427267067948,1.0091241386483114,False,early_exit
2024-04-26 08:00:00,0,0,0.5522388059701493,1.265358805656433,RECALIBRATE,3.4562427267067948,1.007886785641313,False,full
2024-04-26 09:00:00,0,0,0.6019900497512438,1.0797558546066284,RECALIBRATE,3.4562427267067948,1.007886785641313,False,early_exit
2024-04-26 10:00:00,0,0,0.24378109452736318,2.555699586868286,RECALIBRATE,3.402724006045392,0.9980471607595686,False,full
2024-04-26 11:00:00,0,0,0.6019900497512438,1.0797558546066284,RECALIBRATE,3.402724006045392,0.9980471607595686,False,early_exit
2024-04-26 12:00:00,0,0,0.6019900497512438,1.0797558546066284,RECALIBRATE,3.402724006045392,0.9980471607595686,False,early_exit
2024-04-26 13:00:00,0,0,0.6019900497512438,1.0797558546066284,RECALIBRATE,3.402724006045392,0.9980471607595686,False,early_exit
2024-04-26 14:00:00,0,0,0.6019900497512438,1.0797558546066284,RECALIBRATE,3.402724006045392,0.9980471607595686,False,early_exit
2024-04-26 15:00:00,0,0,0.6019900497512438,1.0797558546066284,RECALIBRATE,3.402724006045392,0.9980471607595686,False,early_exit
2024-04-26 16:00:00,0,0,0.6019900497512438,1.0797558546066284,RECALIBRATE,3.402724006045392,0.9980471607595686,False,early_exit
2024-04-26 17:00:00,0,0,0.6019900497512438,1.0797558546066284,RECALIBRATE,3.402724006045392,0.9980471607595686,False,early_exit
2024-04-26 18:00:00,0,0,0.6019900497512438,1.0797558546066284,RECALIBRATE,3.402724006045392,0.9980471607595686,False,early_exit
2024-04-26 19:00:00,0,0,0.6019900497512438,1.0797558546066284,RECALIBRATE,3.402724006045392,0.9980471607595686,False,early_exit
2024-04-26 20:00:00,0,0,0.6019900497512438,1.0797558546066284,RECALIBRATE,3.402724006045392,0.9980471607595686,False,early_exit
2024-04-26 21:00:00,0,0,0.39800995024875624,1.8069721460342407,RECALIBRATE,3.3492591230471866,0.9931990521500511,False,full
2024-04-26 22:00:00,0,0,0.6019900497512438,1.0797558546066284,RECALIBRATE,3.3492591230471866,0.9931990521500511,False,early_exit
2024-04-26 23:00:00,0,1,0.0945273631840796,3.820861339569092,RECALIBRATE,3.3492591230471866,0.9931990521500511,False,full
2024-04-27 00:00:00,0,0,0.6019900497512438,1.0797558546066284,RECALIBRATE,3.3492591230471866,0.9931990521500511,False,early_exit
2024-04-27 01:00:00,0,0,0.6019900497512438,1.0797558546066284,RECALIBRATE,3.3492591230471866,0.9931990521500511,False,early_exit
2024-04-27 02:00:00,0,0,0.6019900497512438,1.0797558546066284,RECALIBRATE,3.3492591230471866,0.9931990521500511,False,early_exit
2024-04-27 03:00:00,0,0,0.6019900497512438,1.0797558546066284,RECALIBRATE,3.402724006045392,0.9959630954811973,False,early_exit
2024-04-27 04:00:00,0,0,0.6019900497512438,1.0797558546066284,RECALIBRATE,3.402724006045392,0.9959630954811973,False,early_exit
2024-04-27 05:00:00,0,0,0.6019900497512438,1.0797558546066284,RECALIBRATE,3.402724006045392,0.9959630954811973,False,early_exit
2024-04-27 06:00:00,0,0,0.6169154228855721,1.0079686641693115,RECALIBRATE,3.402724006045392,0.9954845142116152,False,full
2024-04-27 07:00:00,0,0,0.6019900497512438,1.0797558546066284,RECALIBRATE,3.402724006045392,0.9954845142116152,False,early_exit
2024-04-27 08:00:00,0,0,0.6019900497512438,1.0797558546066284,RECALIBRATE,3.402724006045392,0.9954845142116152,False,early_exit
2024-04-27 09:00:00,0,0,0.6019900497512438,1.0797558546066284,RECALIBRATE,3.402724006045392,0.9954845142116152,False,early_exit
2024-04-27 10:00:00,0,0,0.6019900497512438,1.0797558546066284,RECALIBRATE,3.402724006045392,0.9954845142116152,False,early_exit
2024-04-27 11:00:00,0,0,0.6019900497512438,1.0797558546066284,RECALIBRATE,3.402724006045392,0.9954845142116152,False,early_exit
2024-04-27 12:00:00,0,0,0.6019900497512438,1.0797558546066284,RECALIBRATE,3.402724006045392,0.9954845142116152,False,early_exit
2024-04-27 13:00:00,0,0,0.6019900497512438,1.0797558546066284,RECALIBRATE,3.402724006045392,0.9954845142116152,False,early_exit
2024-04-27 14:00:00,0,0,0.23880597014925373,2.576030731201172,RECALIBRATE,3.357044708649912,0.9855093483676516,False,full
2024-04-27 15:00:00,0,0,0.6019900497512438,1.0797558546066284,RECALIBRATE,3.357044708649912,0.9855093483676516,False,early_exit
2024-04-27 16:00:00,0,0,0.6019900497512438,1.0797558546066284,RECALIBRATE,3.357044708649912,0.9855093483676516,False,early_exit
2024-04-27 17:00:00,0,0,0.6019900497512438,1.0797558546066284,RECALIBRATE,3.357044708649912,0.9855093483676516,False,early_exit
2024-04-27 18:00:00,0,0,0.6019900497512438,1.0797558546066284,RECALIBRATE,3.357044708649912,0.9855093483676516,False,early_exit
2024-04-27 19:00:00,0,0,0.6019900497512438,1.0797558546066284,RECALIBRATE,3.357044708649912,0.9855093483676516,False,early_exit
2024-04-27 20:00:00,0,0,0.6019900497512438,1.0797558546066284,RECALIBRATE,3.357044708649912,0.9855093483676516,False,early_exit
2024-04-27 21:00:00,0,0,0.4079601990049751,1.7469942569732666,RECALIBRATE,3.303634106531345,0.981061092351874,False,full
2024-04-27 22:00:00,0,0,0.6019900497512438,1.0797558546066284,RECALIBRATE,3.303634106531345,0.981061092351874,False,early_exit
2024-04-27 23:00:00,0,1,0.0845771144278607,4.239382743835449,RECALIBRATE,3.303634106531345,0.981061092351874,False,full
2024-04-28 00:00:00,0,0,0.6019900497512438,1.0797558546066284,RECALIBRATE,3.3492591230471866,0.9955368332614504,False,early_exit
2024-04-28 01:00:00,0,1,0.06965174129353234,4.488116264343262,RECALIBRATE,3.3492591230471866,0.9955368332614504,False,full
2024-04-28 02:00:00,0,0,0.6019900497512438,1.0797558546066284,RECALIBRATE,3.3492591230471866,0.9955368332614504,False,early_exit
2024-04-28 03:00:00,0,0,0.6019900497512438,1.0797558546066284,RECALIBRATE,3.3492591230471866,0.9955368332614504,False,early_exit
2024-04-28 04:00:00,0,0,0.6019900497512438,1.0797558546066284,RECALIBRATE,3.3492591230471866,0.9955368332614504,False,early_exit
2024-04-28 05:00:00,0,0,0.6019900497512438,1.0797558546066284,RECALIBRATE,3.3492591230471866,0.9955368332614504,False,early_exit
2024-04-28 06:00:00,0,0,0.7810945273631841,0.6346063017845154,RECALIBRATE,3.180657673813224,0.9925691695759696,False,full
2024-04-28 07:00:00,0,0,0.6019900497512438,1.0797558546066284,RECALIBRATE,3.180657673813224,0.9925691695759696,False,early_exit
2024-04-28 08:00:00,0,0,0.6019900497512438,1.0797558546066284,RECALIBRATE,3.180657673813224,0.9925691695759696,False,early_exit
2024-04-28 09:00:00,0,0,0.6019900497512438,1.0797558546066284,RECALIBRATE,3.180657673813224,0.9925691695759696,False,early_exit
2024-04-28 10:00:00,0,0,0.11940298507462686,3.427170515060425,RECALIBRATE,3.11477568522554,0.9769197385062777,False,full
2024-04-28 11:00:00,0,0,0.6019900497512438,1.0797558546066284,RECALIBRATE,3.11477568522554,0.9769197385062777,False,early_exit
2024-04-28 12:00:00,0,0,0.6019900497512438,1.0797558546066284,RECALIBRATE,3.11477568522554,0.9769197385062777,False,early_exit
2024-04-28 13:00:00,0,0,0.6019900497512438,1.0797558546066284,RECALIBRATE,3.11477568522554,0.9769197385062777,False,early_exit
2024-04-28 14:00:00,0,0,0.6019900497512438,1.0797558546066284,RECALIBRATE,3.11477568522554,0.9769197385062777,False,early_exit
2024-04-28 15:00:00,0,0,0.6019900497512438,1.0797558546066284,RECALIBRATE,3.11477568522554,0.9769197385062777,False,early_exit
2024-04-28 16:00:00,0,0,0.6019900497512438,1.0797558546066284,RECALIBRATE,3.11477568522554,0.9769197385062777,False,early_exit
2024-04-28 17:00:00,0,0,0.6019900497512438,1.0797558546066284,RECALIBRATE,3.11477568522554,0.9769197385062777,False,early_exit
2024-04-28 18:00:00,0,0,0.6019900497512438,1.0797558546066284,RECALIBRATE,3.11477568522554,0.9769197385062777,False,early_exit
2024-04-28 19:00:00,0,0,0.6019900497512438,1.0797558546066284,RECALIBRATE,3.11477568522554,0.9769197385062777,False,early_exit
2024-04-28 20:00:00,0,0,0.6169154228855721,1.0117565393447876,RECALIBRATE,3.11477568522554,0.9764664097378656,False,full
2024-04-28 21:00:00,0,0,0.6019900497512438,1.0797558546066284,RECALIBRATE,3.11477568522554,0.9764664097378656,False,early_exit
2024-04-28 22:00:00,0,0,0.6019900497512438,1.0797558546066284,RECALIBRATE,3.11477568522554,0.9764664097378656,False,early_exit
2024-04-28 23:00:00,0,1,0.06965174129353234,4.866461277008057,RECALIBRATE,3.11477568522554,0.9764664097378656,False,full
2024-04-29 00:00:00,0,1,0.004975124378109453,7.873098373413086,RECALIBRATE,3.11477568522554,0.9764664097378656,False,full
2024-04-29 01:00:00,0,1,0.014925373134328358,6.439527988433838,RECALIBRATE,3.11477568522554,0.9764664097378656,False,full
2024-04-29 02:00:00,0,0,0.6019900497512438,1.0797558546066284,RECALIBRATE,3.11477568522554,0.9764664097378656,False,early_exit
2024-04-29 03:00:00,0,0,0.6019900497512438,1.0797558546066284,RECALIBRATE,3.11477568522554,0.9764664097378656,False,early_exit
2024-04-29 04:00:00,0,0,0.6019900497512438,1.0797558546066284,RECALIBRATE,3.11477568522554,0.9764664097378656,False,early_exit
2024-04-29 05:00:00,0,0,0.6019900497512438,1.0797558546066284,RECALIBRATE,3.11477568522554,0.9764664097378656,False,early_exit
2024-04-29 06:00:00,0,0,0.6019900497512438,1.0797558546066284,RECALIBRATE,3.11477568522554,0.9764664097378656,False,early_exit
2024-04-29 07:00:00,0,0,0.6019900497512438,1.0797558546066284,RECALIBRATE,3.11477568522554,0.9764664097378656,False,early_exit
2024-04-29 08:00:00,0,0,0.6019900497512438,1.0797558546066284,RECALIBRATE,3.11477568522554,0.9767718840191766,False,early_exit
2024-04-29 09:00:00,0,0,0.6019900497512438,1.0797558546066284,RECALIBRATE,3.11477568522554,0.9767718840191766,False,early_exit
2024-04-29 10:00:00,0,0,0.6019900497512438,1.0797558546066284,RECALIBRATE,3.11477568522554,0.9767718840191766,False,early_exit
2024-04-29 11:00:00,0,0,0.6019900497512438,1.0797558546066284,RECALIBRATE,3.11477568522554,0.9767718840191766,False,early_exit
2024-04-29 12:00:00,0,0,0.6019900497512438,1.0797558546066284,RECALIBRATE,3.11477568522554,0.9767718840191766,False,early_exit
2024-04-29 13:00:00,0,0,0.6019900497512438,1.0797558546066284,RECALIBRATE,3.11477568522554,0.9767718840191766,False,early_exit
2024-04-29 14:00:00,0,0,0.6019900497512438,1.0797558546066284,RECALIBRATE,3.11477568522554,0.9767718840191766,False,early_exit
2024-04-29 15:00:00,0,0,0.6019900497512438,1.0797558546066284,RECALIBRATE,3.11477568522554,0.9767718840191766,False,early_exit
2024-04-29 16:00:00,0,0,0.7761194029850746,0.6566649675369263,RECALIBRATE,3.0244831905093346,0.9739512781053784,False,full
2024-04-29 17:00:00,0,0,0.6019900497512438,1.0797558546066284,RECALIBRATE,3.0244831905093346,0.9739512781053784,False,early_exit
2024-04-29 18:00:00,0,0,0.6019900497512438,1.0797558546066284,RECALIBRATE,3.0244831905093346,0.9739512781053784,False,early_exit
2024-04-29 19:00:00,0,0,0.6019900497512438,1.0797558546066284,RECALIBRATE,3.0244831905093346,0.9739512781053784,False,early_exit
2024-04-29 20:00:00,0,0,0.6019900497512438,1.0797558546066284,RECALIBRATE,3.0244831905093346,0.9739512781053784,False,early_exit
2024-04-29 21:00:00,0,0,0.6019900497512438,1.0797558546066284,RECALIBRATE,3.0244831905093346,0.9739512781053784,False,early_exit
2024-04-29 22:00:00,0,0,0.6019900497512438,1.0797558546066284,RECALIBRATE,3.0244831905093346,0.9740503890266025,False,early_exit
2024-04-29 23:00:00,0,0,0.6019900497512438,1.0797558546066284,RECALIBRATE,3.0244831905093346,0.9740503890266025,False,early_exit
